Mean,S.D,Variance,Kurtotis,Skewness,Entrophy,Class
0.266031798,45.32018916,1026.959773,329.6802964,501.6020349,58.35617946,0
0.288875549,48.47277769,1174.805088,309.9456438,485.1824342,60.2809325,0
5.656766492,759.0734905,288096.282,288.0636836,455.353913,63.95487367,0
1.475910012,178.450667,15922.32028,177.1226845,363.1041695,73.83644072,0
1.266086918,207.5090233,21529.99738,290.4043925,470.9132927,59.53697589,0
0.266974046,45.43679624,1032.251226,327.3403437,499.4005286,58.65246818,0
0.166042858,28.43178121,404.1830914,326.3841868,498.7642672,60.10537239,0
0.29340722,49.45432809,1222.865284,321.2907819,493.0208239,57.80257355,0
0.461486403,77.19498351,2979.532739,319.5326958,492.1041149,57.29156132,0
0.52260851,86.97307345,3782.157753,316.9181928,489.7905356,57.44185696,0
0.453069662,78.74385817,3100.2976,350.1551468,516.4831749,57.30594469,0
0.801938304,141.756601,10047.46696,324.0305692,498.8595552,54.19546788,0
0.889515644,152.4912102,11626.7846,336.46958,506.8099545,57.78954976,0
1.057499114,182.0393405,16569.16075,327.2478572,499.7678895,58.04355193,0
1.449500311,250.7949989,31449.06575,344.8517404,512.8501211,57.6380293,0
1.636325432,267.500506,35778.26035,339.2810777,509.5670607,62.44112593,0
1.60548284,274.623072,37708.91584,325.5697061,498.1065868,57.16656182,0
1.712000945,291.3254134,42435.24826,319.3752573,493.856365,58.00430311,0
1.726359868,292.713437,42840.5781,317.8017585,492.7180993,57.96509597,0
1.919968122,322.7201735,52074.1552,311.2106147,487.5438161,57.67211372,0
2.297992411,386.9703022,74873.00739,313.5027255,490.5037844,56.94218353,0
2.901913498,560.2405423,156934.7326,459.6581311,595.3342265,50.25757582,0
2.285328782,386.5473485,74709.4263,323.1442194,497.1623116,57.49396233,0
2.203675358,374.6492595,70181.03381,327.1457883,500.3042865,57.9915766,0
2.161280383,365.0849055,66643.49411,315.587524,491.5307669,57.2784308,0
3.105091764,511.4944243,130813.273,301.3809682,480.5003848,56.10293792,0
3.87691229,605.3025127,183195.566,302.0530069,481.5453654,57.67602583,0
5.191994732,834.1535116,347906.0405,275.1304642,459.3846222,57.28288496,0
5.137778743,834.2565881,347992.0274,287.2256037,469.5165008,56.03776053,0
3.019432106,495.4102773,122715.6714,292.5162171,473.3238955,58.38134311,0
1.712048548,288.097215,41500.00264,315.6245718,491.8409747,58.27532093,0
1.773608018,298.3339314,44501.56731,310.7078383,487.6452021,58.62133107,0
1.688675098,283.3634708,40147.4283,304.1603099,482.4750771,58.65481845,0
1.786407159,300.2316422,45069.51948,314.340098,490.936618,58.07500314,0
2.577623536,425.5002927,90525.24953,311.4202569,487.9698726,57.30230466,0
1.812577312,301.9312394,45581.23666,307.8454734,485.8162101,58.43874804,0
1.862792774,293.7187246,43135.3446,311.3856495,488.8917294,62.7547266,0
1.004680995,172.9618947,14957.90851,339.4567588,508.9287145,57.43715527,0
1.108548121,190.3076146,18108.49409,332.6971461,504.8682306,57.21063376,0
0.390661564,68.37542372,2337.599285,359.9414454,523.2720504,57.31903327,0
0.500292371,86.58455153,3748.442282,334.3097114,504.5234631,58.35167362,0
0.355198735,61.57568257,1895.782342,332.6343503,503.9608271,59.45150695,0
0.122106304,19.35930798,187.3914027,268.8902078,455.5349238,60.15151964,0
1.643332107,279.310099,39007.06571,322.42955,496.2051464,58.004841,0
1.566894077,266.831113,35599.42143,317.4034506,492.5381634,58.70417233,0
1.534395009,263.2393234,34647.47069,334.0025337,505.5497842,57.38844941,0
1.480983378,252.9561952,31993.41834,319.9786365,494.4433906,58.3301376,0
1.197608574,203.8641599,20780.29785,316.661546,492.1509145,58.75834931,0
1.556220259,263.3554052,34678.03472,311.6584124,488.4720813,58.78557768,0
1.117152769,191.2456157,18287.44276,323.0077098,496.3971903,57.83685392,0
2915.238849,412289.37,1.70E+11,145.5452765,227.576438,16.95095882,1
2189.539135,317779.7806,1.01E+11,136.3424309,222.4996348,17.03512057,1
1689.748765,241419.6824,58283463050,160.3387959,235.920771,17.922814,1
2392.371543,344467.6108,1.19E+11,145.7296122,227.3417408,17.71022078,1
2844.995497,405343.2978,1.64E+11,141.341809,224.3523346,17.50725045,1
3877.374539,460296.9694,2.12E+11,93.53511871,183.5992597,9.693892809,1
4020.400514,488298.4203,2.38E+11,93.21094491,184.8540367,10.43629917,1
4024.491665,597831.3256,3.57E+11,161.0299642,240.2531341,17.5999939,1
5570.346122,813151.8722,6.61E+11,152.4927646,232.3577277,17.72511891,1
4288.130053,638582.1496,4.08E+11,154.3513697,235.379874,18.4647441,1
1403.464279,198640.5342,39458061831,147.2270182,227.4884528,18.5594081,1
1345.598314,192148.7127,36921127775,149.9776653,229.2541411,18.95476234,1
1699.368491,244710.4907,59883224261,153.7817931,233.2047352,18.04836553,1
1768.835327,256471.1003,65777425299,154.2026489,233.0032541,18.51461497,1
5138.96012,784049.3224,6.15E+11,175.3514859,249.670787,17.30793917,1
4181.793613,615737.6877,3.79E+11,156.9308305,235.9300828,17.20659876,1
4536.869335,667532.9193,4.46E+11,156.0043213,234.6903484,18.00173791,1
3753.951855,555678.859,3.09E+11,149.7086575,231.4591285,18.59807491,1
5370.007399,790714.4332,6.25E+11,159.2417986,237.182942,17.55901733,1
4876.561864,721934.7563,5.21E+11,163.8749486,241.3191503,17.19224405,1
4303.771234,636087.5958,4.05E+11,153.727813,233.9155749,17.93116627,1
4155.273356,637413.841,4.06E+11,172.9013378,248.166478,17.41836945,1
272.8971337,38170.10745,1456957103,155.8673674,233.0235393,21.10573333,1
306.8233522,42462.53555,1803066926,146.4284294,226.2914361,20.76016357,1
389.2902647,54981.394,3022953686,157.7496155,233.4716763,20.32515013,1
447.129121,63365.85746,4015231891,165.6416742,239.3024481,20.49040772,1
443.1601575,63225.49326,3997462998,165.8964432,240.0676815,20.27433577,1
679.3739835,98154.78209,9634361247,162.6255506,241.0811131,19.46018159,1
693.984827,102399.4114,10485639445,178.6230766,251.4647988,19.53317171,1
698.0255643,102726.3621,10552705469,170.4188898,246.6027232,19.54594656,1
649.4671019,93973.93619,8831100683,166.4517194,243.9329672,19.52897785,1
224.5667777,31654.98355,1002037984,159.6018393,235.7950637,21.01177602,1
231.4292824,32670.51615,1067362626,165.2360523,239.096972,21.15175725,1
245.8961743,34242.53052,1172550897,154.851958,232.1506055,21.1419614,1
258.0771863,36187.86392,1309561495,158.708243,234.9993715,20.80029175,1
252.4501141,34916.71255,1219176815,156.5115105,233.0907666,20.97205008,1
1011.267651,143739.3609,20661003875,154.9052902,234.7826367,18.49939689,1
679.7592459,99367.89118,9873977798,165.3579834,243.1607032,19.86972319,1
716.7376638,102607.3199,10528262095,162.629639,239.9907457,19.46390296,1
739.1947124,107228.5646,11497965070,167.7517161,243.82518,19.52982055,1
11632.96618,1456458.38,2.12E+12,113.5831994,198.9225699,9.798633825,1
12762.164,1682882.841,2.83E+12,127.7581012,210.4574659,11.51918901,1
13834.62005,1637077.722,2.68E+12,70.25474518,163.9934245,9.278763487,1
11682.95127,1516609.752,2.30E+12,112.1277539,200.7229757,10.88488246,1
12719.77674,1638219.979,2.68E+12,102.4960155,194.2410567,10.37890542,1
11033.49029,1506408.398,2.27E+12,120.2073008,208.4158177,11.93401418,1
13545.27686,1740945.605,3.03E+12,96.61473167,189.2295792,10.22746945,1
10299.50706,1373520.345,1.89E+12,112.3573349,201.0342269,14.106767,1
12268.54173,1630232.666,2.66E+12,120.1907467,206.2715938,12.28177399,1
17443.08667,2340829.365,5.48E+12,113.6452691,203.4614102,11.09920638,1
100159.5231,10291918.68,2.64809E+13,225.3259062,585.853616,26.12407481,2
39400.70548,4633099.202,5.3664E+12,278.2387874,653.4113287,46.49736421,2
13037.11892,1589705.078,6.31791E+11,285.3617248,665.0103923,72.19225513,2
5273.223714,693913.3736,1.20379E+11,319.4947847,706.1140936,85.19688325,2
3378.381716,427680.554,45727664069,294.7112963,678.9805,83.45709682,2
1965.6712,249096.3009,15512241782,297.8352411,681.7526144,87.80857638,2
1592.998173,201514.3997,10152013320,297.8303958,681.7621146,89.69043473,2
1034.968515,133073.7121,4427153211,301.721453,688.0771412,93.13622194,2
785.8521702,99102.63108,2455332872,292.5136198,677.1148291,93.55495013,2
636.3327192,81287.97043,1651933534,298.9461459,684.6222638,95.92910034,2
513.9207093,65007.28301,1056486711,292.7305459,677.6496674,96.22855445,2
67549.71774,7782994.455,1.51438E+13,287.3325866,660.552889,34.50870142,2
19104.83029,2450811.45,1.50162E+12,340.1830064,719.6511874,72.82228262,2
5366.302488,649605.8465,1.05497E+11,281.8367865,662.7780599,73.3809585,2
2486.090098,302125.0357,22819884305,289.4448869,670.7375852,79.88249827,2
1765.003397,213231.4202,11366909636,283.7707847,664.2738578,80.68869784,2
904.3996017,109420.5195,2993212524,281.5718228,662.4527532,84.1204729,2
641.6947113,79031.86703,1561509002,290.4085042,672.8257967,88.16809099,2
458.904583,56568.97667,800012280.4,290.7339428,673.2502257,90.15842029,2
345.0470802,42988.81765,462009610.8,297.0521266,680.2732884,93.2251244,2
286.2249744,35187.64912,309542662.7,287.4304425,669.6986288,93.91156081,2
232.3814101,28534.41251,203553174.4,285.5713016,667.8427506,94.99141322,2
216961.3827,21210187.31,1.12468E+14,241.3112551,596.6508256,4.96229251,2
117303.0917,11921849.7,3.55326E+13,217.6725823,575.5995363,21.75758709,2
59392.80119,6230968.28,9.70624E+12,225.9253455,589.1265752,29.30232326,2
11963.30857,1492097.732,5.56589E+11,313.4262946,695.6469429,69.63661791,2
7364.955138,898700.4454,2.01916E+11,295.952277,676.069983,70.17601874,2
4381.079777,517699.4455,67003178968,279.6116631,657.3768947,68.41826596,2
3119.579096,373632.6627,34900341655,282.267944,661.6846755,75.21673369,2
2293.107415,270150.3225,18245299185,281.4673135,658.1094837,74.02267688,2
1812.079409,217429.522,11818899262,284.0621227,664.0045829,78.31150008,2
1419.919657,166870.3782,6961430780,278.2669072,655.509705,77.00007791,2
1215.067736,144238.9023,5201215231,278.7117695,657.5195006,80.3549778,2
94942.67877,10932073.93,2.98776E+13,279.64064,651.4901213,35.59531986,2
23641.75088,2874889.44,2.06625E+12,303.1933903,680.541234,56.01511459,2
6133.183234,745496.3376,1.38941E+11,301.8464122,678.3022156,72.98342353,2
1443.649922,166335.756,6916895933,266.0781753,641.6479833,72.44681097,2
1498.764666,176841.9401,7818267948,275.6525316,653.5934006,77.8545512,2
969.2839896,111675.896,3117876434,266.0790608,641.6869327,78.92602286,2
700.6124658,81668.86876,1667451031,268.0172459,645.0054201,82.64440784,2
526.9825862,61267.10355,938414494.4,265.999289,642.778122,84.34855857,2
396.414607,45873.07809,526084823.3,264.2202398,640.515857,86.18470716,2
260.3646051,30581.86795,2.34E+08,271.9207318,649.8832433,88.97024896,2
36527.68297,3327398.661,1.11E+13,41.1032552,125.9925905,3.011849716,3
9559.760065,1144864.482,1.31E+12,75.68134775,169.2874129,15.6914842,3
2683.834851,341379.4687,1.17E+11,79.22862063,174.8529175,19.94706117,3
1364.792474,175266.0433,30718185949,76.73847768,172.872523,20.39502502,3
754.7492505,96769.77398,9364389156,75.72283201,172.0853002,21.58232134,3
622.8614007,80047.50778,6407603501,74.98690624,171.5083811,22.17356659,3
332.8003056,41940.85997,1759035735,72.49458602,168.5787242,22.76746785,3
239.6939573,31267.09917,977631490.5,78.06385404,174.8709275,23.29875259,3
186.0968333,24199.67638,585624337.1,77.42059497,174.1610356,23.4196733,3
141.3000198,17907.65007,320683930.9,73.4874279,169.7612484,23.75865835,3
115.4496762,14876.08076,221297778.9,75.87381913,172.5089951,24.32720632,3
19147.01526,2173334.261,4.72E+12,73.78622235,165.4375168,9.604476461,3
4900.175267,600343.2136,3.60E+11,76.06244046,170.9312379,16.8179103,3
1339.523184,158680.8508,25179612409,67.77151102,162.4762905,17.82164355,3
880.3200813,104886.4027,11001157474,69.99526211,164.6831453,18.3562434,3
340.4047057,40438.81617,1635297854,69.14984156,163.8945089,20.02553263,3
234.6383453,28051.41042,786881626.7,69.7716617,164.6715725,20.43498253,3
153.0778094,18067.90703,326449264.4,68.34199989,162.9247952,21.17743092,3
112.8178477,13030.17864,169785555.4,65.53740876,159.5314518,21.22706013,3
87.87261936,10253.98055,105144117.2,66.65121338,160.9560387,22.35602711,3
70.22820671,7967.752769,63485084.2,63.5594728,157.0461788,21.44695787,3
56.79364116,6372.660081,40610796.5,64.14378249,157.3007057,21.90449785,3
46161.46946,4538393.92,2.06E+13,64.24168966,151.3028841,2.652141446,3
7945.451215,968798.7242,9.39E+11,78.76573296,172.6327627,13.86589463,3
2956.141644,370948.5244,1.38E+11,77.52488248,172.7151934,17.3702215,3
1781.105252,216048.4673,46676940243,70.59069917,165.899648,17.80823279,3
1239.671775,141944.8741,20148347271,68.05629611,161.5500325,15.63777956,3
843.5894233,99692.56008,9938606535,69.48491587,163.9712443,17.58335855,3
600.1845259,67447.10659,4549112188,64.39222157,157.4662737,16.44316891,3
486.1102642,55032.82749,3028612102,63.69696398,157.0712926,17.39421442,3
363.810071,41446.7001,1717828949,65.29927557,158.8514625,17.47437031,3
321.1051846,36382.99797,1323722541,64.86166098,158.3308736,18.45699258,3
2639.874423,335263.2846,1.12E+11,83.97647743,179.5798285,16.63683149,3
7026.351967,859900.1042,7.39E+11,72.12258612,166.7702292,16.18849588,3
1519.890878,176492.7193,31149679976,68.76045192,162.6628049,16.26848995,3
643.6603958,72044.61638,5190426749,64.97923265,157.9282202,15.83885976,3
390.5071092,43723.51176,1911745480,65.39113233,158.2786615,16.88370223,3
241.760555,26714.51997,713665577.4,64.03909354,156.5890604,17.38504491,3
176.2520469,19312.50614,372972893.2,61.39294804,153.742113,17.94416164,3
130.6233831,14190.5582,201371941.9,61.09802047,153.1957596,18.26020784,3
102.2978917,11041.06548,121905127,59.26538787,151.154877,18.91724463,3
82.96233777,8970.667616,80472877.48,58.89737459,150.8757376,19.83563924,3
75.78808709,8191.780726,67105271.46,60.95314015,152.8611156,19.86317797,3
53168.76337,7064787.499,1.66371E+13,319.2645609,591.5142045,50.97936729,4
16557.84372,2207035.724,1.62367E+12,232.4653968,524.8320954,55.83916783,4
7891.383084,1153317.385,4.4338E+11,297.5631373,588.7469548,65.13592411,4
3607.039243,492191.8235,80750930372,289.2431896,576.2884057,58.37645426,4
43609.39108,5742569.534,1.09924E+13,269.0313216,552.9391974,49.03089907,4
16695.99557,2336249.04,1.81935E+12,282.4458035,574.5761073,52.15397245,4
10523.89429,1505433.195,7.55443E+11,282.4319544,576.8067735,61.08688127,4
3696.748221,508901.3189,86326850808,290.1937882,577.9820281,58.27859918,4
32228.19476,4441982.737,6.57707E+12,274.8079098,564.9430123,53.67064488,4
9471.571239,1326451.541,5.86491E+11,287.9301645,576.412149,60.03257934,4
4102.771719,543319.331,98398631810,252.8649766,542.7452438,60.10826425,4
2353.551019,310244.0197,32083783921,254.6292211,544.4285345,60.42980178,4
3990.807931,518930.7923,89763055746,244.4880098,532.796477,58.74285584,4
4114.423317,543178.6502,98347682009,263.0015572,549.7153057,59.09065837,4
6796.640301,884588.8482,2.60832E+11,244.5560849,532.1242724,60.86138541,4
7469.011489,970733.9916,3.14108E+11,244.2199207,532.1980071,59.24568102,4
7644.101012,999571.151,3.33047E+11,251.9663335,539.2483179,59.25791356,4
5398.413305,718628.6077,1.72142E+11,274.0192523,558.3555622,58.48065226,4
8643.68996,1121439.153,4.19209E+11,247.8871772,535.3179036,54.83493482,4
6089.690663,781296.2326,2.03475E+11,271.4007493,551.5457217,57.50979189,4
9398.324446,1176878,4.61681E+11,254.4212303,536.0812467,48.36035502,4
6335.236054,862442.24,2.47936E+11,271.4782693,559.7434746,58.42191518,4
3575.283508,529855.4602,93582269565,366.6612088,640.8406189,65.51061673,4
473.5699457,81632.33668,2221279464,495.9897394,752.0693531,77.09841801,4
486.9489369,83611.63165,2330301649,485.3467806,745.0365014,79.52577559,4
715.2025851,82562.39611,2272183084,199.1156731,481.454043,59.25689119,4
709.9170076,82866.90108,2288974432,204.1901283,487.2535877,61.00935074,4
948.0889471,108296.2481,3909359114,195.7770377,477.1462893,55.96200586,4
973.4597907,117197.9755,4578455153,216.9576509,502.1993104,60.43262645,4
1225.055622,145621.5089,7068541287,210.0550306,494.5456399,57.99341217,4
1266.214287,149857.2637,7485733157,206.7882179,491.0258912,58.80289305,4
422.9286599,53788.19018,964389800.8,241.7397103,529.1922532,67.76138693,4
450.7109554,59712.87983,1188542673,271.1134,556.5561162,70.68978908,4
2894.174402,377412.3482,47480026863,258.7568632,546.7376519,59.569272,4
25828.04327,3329881.223,3.69604E+12,258.8352858,542.7727561,54.03387192,4
751.3447282,90686.65431,2741356424,229.7786158,512.2155102,61.64641688,4
1071.504544,118554.9906,4685095264,186.7618625,464.7404206,50.44906919,4
1084.279218,127437.9135,5413473929,209.0247913,491.5362878,57.78764135,4
178.0125132,21518.33659,154346269.9,236.68226,518.1470045,69.44339672,4
53453.144,6615596.562,1.45887E+13,251.2248632,533.298603,38.11365778,4
16325.27693,2150526.622,1.54159E+12,267.8793876,554.8932231,53.25859676,4
6778.862745,841457.8171,2.36017E+11,235.8676473,521.4125462,53.42406299,4
31721.20514,3930102.503,5.14857E+12,233.8589876,517.7011738,46.98879255,4
9346.47552,1168845.659,4.554E+11,244.9243717,529.9696443,52.2742254,4
4342.558901,528032.9287,92939591262,222.6718404,507.1689788,53.21643023,4
2536.732033,303225.2779,30648523062,210.9367642,495.2577248,55.80408373,4
10317.53706,1342359.734,6.00643E+11,260.8178718,546.6036114,54.3028228,4
9832.074306,1237705.633,5.10638E+11,233.5343999,520.6099241,53.92815605,4
4524.065377,564367.0455,1.0617E+11,231.089561,518.0547605,56.50830575,4
27565.26675,3652866.875,6.67E+12,191.9288582,377.5540668,34.94747536,5
6046.391031,849819.2472,3.61E+11,193.8471972,386.9943482,39.25547572,5
2543.87623,341429.5956,58287084373,181.2579381,373.5351572,39.43797703,5
1515.609617,204622.6555,20935215574,181.8577246,374.3703792,41.34981657,5
27149.84421,3663402.078,6.71E+12,180.1491922,372.9632104,34.25361398,5
5997.459167,758386.6928,2.88E+11,162.526103,352.8887044,34.9250615,5
2836.049311,355454.7342,63174034029,157.0200334,347.4574142,36.46144717,5
1587.683074,191680.1345,18370636977,147.8934471,337.0719968,35.05259774,5
25797.19388,3471666.134,6.03E+12,222.1369835,402.303826,33.96211184,5
6360.191343,811195.714,3.29E+11,158.7964143,350.9358868,36.64221097,5
21130.06427,2610563.248,3.41E+12,149.4269887,340.3294327,31.7152631,5
1548.049357,197345.8048,19472683343,166.0810188,356.9961135,38.12287421,5
2111.748114,312362.8765,48785283306,245.4451553,428.9609452,42.7478161,5
711.9288253,91599.36293,4195221645,169.9204047,361.6315528,41.37077487,5
685.0291252,104799.0529,5491420742,275.8873887,459.2308183,45.11401211,5
4622.155566,605640.676,1.83E+11,164.187566,356.4435718,38.9218786,5
3774.987179,511827.8197,1.31E+11,183.2826346,375.1222606,39.13921266,5
4788.428933,627815.3432,1.97E+11,163.6746846,355.7326515,41.0606304,5
386.8851627,62070.70608,1926386276,289.0167922,469.4169762,49.85980419,5
4282.548665,552224.1386,1.52E+11,164.0724407,355.3602722,39.26356706,5
3209.903561,428743.3568,91910432983,173.2464555,365.7486146,39.174532,5
3917.371667,488249.6114,1.19E+11,150.8110895,341.1452699,36.13317504,5
2964.410035,395506.3458,78212634789,169.0798988,362.0123884,40.83602441,5
2078.60037,276612.9283,38257356042,188.371365,377.8865044,40.50870745,5
483.1618195,54429.47238,1481283732,128.4527865,315.2092678,37.09712137,5
492.264595,58433.34243,1707227754,139.7865634,329.382871,40.41009205,5
551.7560753,63769.78628,2033292821,133.5824671,321.5546325,38.19257313,5
594.8309408,70678.35427,2497714881,137.9686342,327.6398201,40.77931435,5
567.9958588,63988.27401,2047249606,128.8025317,315.5449142,35.94015852,5
594.4754438,71076.87033,2525960748,140.9358835,330.9389565,40.46490336,5
454.5885962,51356.91865,1318766547,130.5419486,317.4224883,37.46747972,5
492.0689822,60274.08598,1816482721,148.8182226,339.7682359,42.16066179,5
970.5579971,129576.3002,8395008789,193.84756,382.9945035,42.84363905,5
916.8087232,124761.1092,7782667187,200.5967921,389.8200498,42.91749708,5
127.3762498,16723.20554,139832801.8,198.3280083,382.968091,48.01502454,5
93.90904144,11498.14421,66103660.09,164.1685419,351.5792419,46.86487955,5
105.6662102,13979.02202,97706528.3,199.6902727,384.6368246,48.71617722,5
20948.76217,2921590.081,4.27E+12,193.6777883,385.9529054,36.93979768,5
33.39660425,4092.411743,16747833.87,106.8863104,196.2967086,15.8772855,6
35.62552734,4123.554383,17003700.75,97.01596234,188.1256504,14.12216463,6
46.13410371,5650.019685,31922722.44,131.5378684,214.5110887,15.40156919,6
101.9649092,11651.94529,135767829.1,141.9069141,216.2972905,13.31167294,6
175.4424627,20976.94305,440032139.7,123.8429824,208.573782,12.84581887,6
32.23435165,3848.723642,14812673.67,99.56423711,189.8337552,14.68648724,6
35.10020166,3804.172784,14471730.57,74.80491702,167.2526624,13.01478286,6
48.55148186,5892.754169,34724551.7,136.1618047,216.8400181,14.96659889,6
107.1356977,12445.59961,154892949.7,130.8157554,214.6583525,12.47261059,6
196.995862,22705.55429,515542195.4,125.2456526,207.2254532,12.04086656,6
31.2939749,3845.366276,14786841.79,107.4979483,195.4167853,15.55926683,6
34.11630308,4107.665725,16872917.7,97.16424102,189.9534574,14.61200377,6
49.53988349,5558.147614,30893004.9,116.4671329,201.599454,13.71143575,6
109.271417,12710.1194,161547135.2,126.0639645,210.3593392,12.32825305,6
222.1019555,24873.7922,618705538.5,137.9078258,213.1343932,10.80276845,6
28.17037138,3137.684317,9845062.872,65.65595068,158.80172,16.15899062,6
32.25113965,3539.843582,12530492.58,77.27490432,170.5159688,12.65512813,6
45.1193294,5086.072392,25868132.37,114.4693001,200.2259747,13.727383,6
99.05593189,10975.52941,120462245.9,120.0381992,200.4319349,12.13506831,6
211.6198189,24165.46656,583969774.3,110.7187862,197.4431252,10.5097093,6
33.48310729,3957.369559,15660773.83,96.10470348,186.4282099,14.98603559,6
30.69075089,3519.978055,12390245.51,83.78387589,177.6467901,14.68925433,6
43.09834182,4824.482657,23275632.91,108.7249224,196.0242741,12.73286546,6
116.6759436,13457.68886,181109389.6,107.8568308,195.6960918,11.82866935,6
206.9219581,24058.7007,578821079.3,111.4682821,198.8352277,10.78604265,6
41.05510577,4650.505707,21627203.33,87.68733987,176.5638008,15.10807995,6
35.11388685,4107.757162,16873668.9,85.17853551,178.4737648,14.15693175,6
41.86573556,4732.807158,22399463.59,104.032307,193.2066976,13.01844056,6
107.2595183,12566.80048,157924474.3,107.342946,196.1645254,11.93205783,6
198.0146719,22980.76951,528115767.5,100.9745579,190.7843926,10.43155483,6
14.50031546,1653.793355,2735032.462,87.9686219,180.2352037,19.10345744,6
37.0703111,4278.961207,18309509.01,94.85313996,184.6588841,15.7685567,6
41.81781461,4833.936006,23366937.31,105.4366651,194.9709382,14.09781809,6
102.5540594,12293.87049,151139251.6,106.0566531,196.174839,12.36649777,6
190.0043625,22236.88617,494479106.5,102.8541379,192.4404366,10.84591985,6
5.637865357,655.5985854,429809.5052,88.21115734,180.9007049,24.13338437,6
16.75283217,2116.785418,4480780.507,98.74134862,191.2822875,21.82085294,6
38.32892503,4630.866924,21444928.47,116.9587918,205.9146076,16.03262485,6
90.05446365,10898.48185,118776906.7,116.6697518,204.3576635,13.98336667,6
163.757824,19202.11558,368721242.8,118.2187186,202.6699342,12.57140654,6
18.02056248,2315.20206,5360160.58,85.87022103,181.0530837,19.8905372,6
29.5040355,3777.194574,14267198.85,100.8437659,193.8417999,20.9803737,6
76.96497297,9261.570172,85776682.05,114.8203506,202.0975849,14.44964249,6
147.2931281,18144.18232,329211351.9,97.53379467,190.2235797,14.02910276,6
76.403629,8938.561708,79897885.42,95.74060397,185.3575196,15.6696859,6
30.21608414,3272.827271,10711398.35,69.5746163,160.7302598,15.68294445,6
29.87427531,3938.103264,15508657.32,105.7685983,198.8282072,20.61404443,6
75.89953051,9994.365235,99887336.46,114.7516778,205.6209127,17.5942517,6
148.651438,18026.62675,324959271.9,101.5719264,192.2533045,14.83542211,6
11.93234185,1736.733082,3016241.796,168.0544932,242.5769971,23.45804766,7
24.06102344,4271.374835,18244642.98,224.2626904,287.4450889,29.14495407,7
22.38778265,3912.719159,15309371.22,258.306724,303.3005517,29.04935765,7
741.4746722,122819.962,15084743069,187.7550983,264.1672613,20.3105623,7
4539.052043,508699.0911,2.59E+11,75.24750837,168.3205865,6.835953016,7
12045.94175,1309787.012,1.72E+12,67.67376282,160.9097161,4.746837075,7
12121.9144,1297612.847,1.68E+12,64.67009692,156.9524358,4.553326009,7
16.31204508,2914.424307,8493869.038,237.3674048,293.9791462,30.38144097,7
16.31488049,2936.296787,8621838.823,241.3821105,296.4941548,30.06399779,7
23.98427097,4294.572432,18443352.38,228.9611681,290.3205651,29.65409708,7
21.62688459,4015.724462,16126042.96,213.597976,284.3126386,30.30576588,7
670.757098,110543.8673,12219946607,208.3703187,273.9267549,19.69386837,7
16.70733783,2972.007304,8832827.417,272.2451989,309.5197778,30.22205358,7
24.84998656,5141.508961,26435114.39,313.3491116,342.8520486,27.61073863,7
21.16229984,3743.60772,14014598.76,223.0682069,286.8044997,29.9938612,7
659.3065349,107370.4803,11528420037,181.2137052,258.5844234,19.83259346,7
1452.430889,232601.7977,54103596304,195.3194518,265.2528995,17.61120072,7
12388.67721,1370694.562,1.88E+12,68.82649186,161.6103176,4.561589662,7
16.23010373,2916.442183,8505635.008,242.7608351,296.2212003,30.83722683,7
23.87286662,4168.098086,17373041.66,260.6255893,304.135175,28.91581215,7
20.90719433,3720.080072,13838995.75,239.1828485,297.9502031,26.88233418,7
671.2429863,103950.4462,10805695266,192.0005542,261.7458854,17.74277619,7
4604.986018,533663.8298,2.85E+11,86.27845563,177.5814513,7.928165303,7
10866.29647,1178259.052,1.39E+12,65.82248279,159.1169339,5.76404409,7
3221.150364,388416.0142,1.51E+11,92.68539099,186.1253701,9.938867396,7
25.83774399,4514.781036,20383247.8,253.1391152,300.9484184,28.40417108,7
24.26862568,4323.333028,18691208.47,223.0747751,287.2480806,28.57425826,7
1112.119646,170790.8752,29169523057,184.2435781,257.9879754,16.22292849,7
5198.93288,670000.3465,4.49E+11,94.39745205,189.6347799,8.425472166,7
14731.40642,1601912.74,2.57E+12,70.17085036,160.6909449,5.824151746,7
13.99423482,2544.842943,6476225.606,274.899078,311.0094742,31.25152053,7
25.52632093,4331.806122,18764544.28,295.4837255,324.8519179,24.780786,7
23.46909344,4267.945681,18215360.34,237.4232506,296.815974,29.06033895,7
23.64814308,4137.953326,17122657.73,258.1689544,303.2714115,28.35468669,7
1056.770671,166052.8683,27573555087,196.1002279,267.2894535,16.96328753,7
5979.966013,707859.6767,5.01E+11,82.91163806,175.7547738,8.752250704,7
11841.26165,1406948.444,1.98E+12,81.07173674,174.296549,8.113795803,7
14.17883144,2559.216197,6549587.544,275.1099137,310.7346668,31.23158264,7
26.85100621,4923.67905,24242615.39,251.7939302,305.7547398,28.6336007,7
23.43085767,4168.829017,17379135.37,219.1209202,285.3583148,28.98017363,7
946.2423131,148446.1302,22036253570,187.5577529,261.2868212,18.49065551,7
5370.593295,678837.877,4.61E+11,102.0848607,193.4710087,9.165512224,7
16194.50784,1731964.412,3.00E+12,58.1134687,149.9651521,5.781748049,7
14.16908206,2574.384661,6627456.383,249.0580634,300.4489305,30.56870569,7
26.69196116,4709.973628,22183851.58,266.1065433,307.2228476,28.43983657,7
23.98068532,4261.370135,18159275.43,226.7052554,289.1212439,28.24151708,7
57.29548157,10275.31138,105582024,222.0731105,286.8568365,26.81674741,7
6739.365242,857789.8984,7.36E+11,99.87079349,191.4240306,9.394648058,7
15036.2293,1763456.127,3.11E+12,103.3496205,191.3808229,5.309801981,7
14.65831816,2699.872877,7289313.549,295.5095744,321.1821934,32.66831843,7
3400.518135,478245.2416,76239503695,319.6801974,601.1873419,43.05936057,8
4237.811059,596111.0846,1.18E+11,357.0010328,624.9980141,45.53597168,8
3457.816187,491828.6435,80631804845,486.2536824,719.8737313,47.55553965,8
3716.983692,551260.8463,1.01E+11,428.2129048,684.8831149,49.05719845,8
3607.913715,519347.8323,89907390313,321.5384851,605.0523297,49.23209239,8
3107.258046,460155.8301,70581129318,375.6657751,647.1377057,43.68274309,8
3348.835486,495724.1204,81914134521,400.4374797,666.2867792,48.69751337,8
3312.971193,556998.0076,1.03E+11,536.8721303,766.7475672,59.50173808,8
3628.453967,535983.3836,95759395847,421.3294139,684.2078332,43.64345783,8
3014.294266,454223.0701,68772865809,383.9212794,653.3303256,53.75487428,8
3766.387201,553632.2056,1.02E+11,377.4955884,645.2017577,48.50995838,8
2982.292711,455993.0554,69309888867,418.0187982,678.2751211,50.01209407,8
3014.620821,449783.7374,67435136807,404.2037921,671.4358382,51.23254128,8
3450.384262,495348.0675,81789902671,347.5527061,625.3107609,44.20185924,8
3567.121083,544213.2502,98722687224,400.3490152,665.3836508,50.62913446,8
3292.766781,482904.703,77732317386,370.3688827,646.4493089,44.22894768,8
2881.740268,447219.6219,66668463413,460.3158034,715.5796699,49.91357404,8
3788.410458,518521.6085,89621552841,280.8447663,574.5865961,45.67761987,8
2922.269456,437630.1493,63840049190,362.2908111,639.2182879,49.4732709,8
3361.038122,499646.1805,83215435229,400.8037564,662.8515841,44.93555847,8
10499.56303,1607695.715,8.61562E+11,436.5977184,695.1535107,57.77309213,9
1091.678155,174061.4432,30297386011,155.8223341,240.686172,21.9045398,9
413.4990376,67033.194,4493449098,170.1386889,252.1451388,21.96189373,9
4624.715158,652007.3364,2.12557E+11,245.5588662,424.1363135,34.52277626,9
3165.148184,477732.9812,2.28229E+11,161.0590877,242.7467064,18.26808562,9
260328.137,26438437.32,3.49E+14,166.4897322,341.555163,0.276018808,9
219643.1784,22441085.43,2.52E+14,163.4667562,343.7823225,6.447424871,9
334848.8156,33634658.66,3.77E+14,183.3737414,453.3125023,5.271714114,9
62592.88233,9546222.543,3.03768E+13,435.0871448,695.637072,51.5654338,9
340630.8589,35503744.92,4.20E+14,206.4975565,474.8357002,8.471653548,9
240526.5618,25148061.27,2.10808E+14,192.074951,466.8399977,9.971372422,9
102085.8134,12649047.24,5.33328E+13,285.4938337,562.4876277,33.66163673,9
72307.5402,9818865.753,3.21367E+13,307.4195855,588.6032137,46.22811097,9
439542.2407,40753899.23,8.30E+14,99.73469222,272.4388561,1.23854757,9
222102.2981,21971914.84,4.83E+14,57.08470352,146.3522809,1.71463668,9
240783.6237,31060819.17,3.22E+14,366.1500266,623.8333601,36.95787791,9
222328.1329,25616296.41,2.19E+14,242.2039227,517.3570482,26.58219702,9
257561.8499,26139356.68,2.27755E+14,183.2037296,452.3733378,4.955267326,9
492.445894,75134.71724,5645225735,157.7503768,240.5070361,21.81616459,9
6684.735989,843566.1296,2.37201E+11,377.8125106,636.6926413,40.92075844,9
11.27688946,1457.045827,2122982.542,100.8666768,193.8400527,28.71159777,9
21627.82448,3174126.283,3.35836E+12,454.111247,701.8852455,49.38519631,9
534728.4832,46441060.75,7.19E+14,131.2057985,386.9478118,0.620592691,9
63129.88832,6529866.851,2.13196E+13,124.0984125,305.4163017,0.138108764,9
206067.0901,21012892.25,2.21E+14,131.9933846,312.8818995,3.603660792,9
302.1774387,38084.70162,1450444498,104.9793224,196.1511814,19.32732657,9
194841.3312,20208641.08,4.08E+14,72.80635904,163.8486998,0.946703689,9
28484.43372,4363870.547,6.34779E+12,547.363561,768.9219987,54.06596112,9
26053.18472,3790249.299,1.4366E+13,127.2849385,217.3836091,15.80523987,9
225.676033,35141.4082,1234918571,167.2840907,247.7309041,22.03516967,9
150292.9579,17211413.28,9.87442E+13,290.2060964,563.2204796,22.59412546,9
102182.9838,14033590.22,6.56472E+13,305.734435,588.0563573,44.62472529,9
94102.00923,12053992.19,4.84329E+13,326.0079167,597.0782267,33.45943038,9
11725.56839,1944289.479,1.26009E+12,514.8822783,759.8659187,61.75803289,9
14277.27393,2284184.691,1.73917E+12,452.7509469,711.7318249,61.2199875,9
1520.399465,253051.9288,21345092884,559.446647,787.3043866,66.05985656,9
6318.023578,922956.8163,2.8395E+11,419.0002178,677.6159274,52.88699837,9
20288.53029,3099020.024,3.20131E+12,533.0978815,760.423668,53.48133233,9
1870828.472,259186576.1,2.24E+16,343.2235449,614.5561078,33.67982372,9
59779.55264,9301411.457,2.88388E+13,423.3602682,692.3091249,51.07068863,9
463730.044,63580898.56,1.35E+15,337.9474075,609.2428786,31.51392253,9
62010.76886,10361595.92,3.57876E+13,500.7452353,748.8829132,53.1118097,9
1683373.065,238845974.3,1.90E+16,349.6834963,626.8249465,27.96769249,9
332388.6654,49678468.9,8.23E+14,407.2998636,676.67448,42.8031592,9
617880.3993,72204450.74,1.74E+15,229.294776,510.7268757,25.22580203,9
4507002.398,696292341.6,1.62E+17,449.1978969,710.1171177,34.12458774,9
68948.33826,8172051.226,2.22608E+13,297.4008157,570.2025943,20.12811324,9
104232.1547,12995377.38,5.62933E+13,296.1234204,572.2637504,26.74892571,9
,,,,,,
,,,,,,
