Mean,SD,Var,KUR,SKEW,Entr,Class
15.41849088,2359.331649,2783222.914,314.7781388,482.0463703,67.14521417,0
536.9617851,78060.34582,3046708794,265.9934717,445.2875194,38.77376551,0
735.215561,106874.261,5711053831,266.6410286,445.5195238,38.12533375,0
733.3494674,106172.2392,5636272189,260.9349302,441.4241842,37.21810297,0
14.71502029,2366.199706,2799450.524,348.8334499,506.8756855,67.60133181,0
16.49071111,2628.093423,3453437.519,333.9855053,497.3275722,67.09887093,0
9.84706325,1606.071296,1289732.503,355.6139415,507.4029402,60.17585062,0
11.54816187,1786.209049,1595271.383,323.8668867,488.8760834,69.55769978,0
12.60859583,2059.804207,2121396.685,352.3464633,509.9624428,69.27323741,0
120.4962908,20712.65944,214507130.4,388.0552214,544.2993536,50.05397303,0
70.02570411,11787.90722,69477378.37,336.0419323,504.8758409,60.51135343,0
20.35494711,3496.304886,6112073.928,353.4436852,516.5627738,65.97042694,0
67.72966898,11632.39513,67656308.24,354.8373303,518.1548107,61.24561729,0
16.11917264,2712.405296,3678571.245,352.1830757,513.5969233,62.5936485,0
1025.682069,151957.6329,11545561098,268.8242963,447.9840466,35.79906937,0
46.74914611,7063.745677,24948251.5,261.3027436,444.1032743,60.85067298,0
8.39784864,1328.516898,882478.5741,278.2412216,459.8204696,64.07867613,0
15.39715556,2534.324918,3211401.396,402.8478995,546.7472981,57.05089308,0
69.04099666,11009.09415,60600076.96,366.724875,523.606007,50.10710332,0
28.33471243,4533.366378,10275705.36,327.5592648,491.5429714,55.78869768,0
32.37572398,5364.052901,14386531.76,350.6926401,508.0966283,57.62333349,0
13.33967763,2233.354625,2493936.44,355.9689551,514.4365127,69.13043122,0
18.69861346,3019.063267,4557371.505,387.4740696,536.2746025,56.21410635,0
73.3346948,9921.749656,49220558.12,242.9798116,422.8768312,48.79622591,0
35.82331183,5447.580902,14838068.84,317.2688166,479.2744417,57.79824958,0
6.996867603,1268.061952,803990.5568,412.2478835,557.9899683,71.08038802,0
19.13052353,2968.571737,4406209.079,316.8218131,484.7412926,67.06569675,0
104.6520213,15230.46577,115983543.8,286.4644381,459.4621263,47.82471057,0
91.17335449,12975.55416,84182502.91,271.6023753,446.5972348,49.72768166,0
147.3678805,24640.25288,303571031,329.7744495,500.4718629,55.56855595,0
147.3676661,24640.21725,303570153.1,329.7670459,500.4667158,55.56855595,0
12.82704811,2155.851388,2323847.603,355.2817491,514.9905395,68.01986796,0
8.204802167,1516.203241,1149436.133,455.280238,582.5360091,68.42455944,0
19.94807542,3183.361894,5066896.473,322.2561608,490.0788116,66.14942918,0
22.16603593,3461.843616,5992180.611,316.2797984,484.9897478,65.88615139,0
30.45300372,4718.987984,11134423.8,311.6007448,481.5078981,63.57749848,0
63.94096,10019.7567,50197762.13,321.8162337,488.5684649,59.28766431,0
25.20310516,3729.916936,6956140.175,245.5420931,430.7629455,57.351658,0
8.553800093,1357.276989,921100.4125,322.3510294,489.7289801,71.3804961,0
28.59672389,4538.08122,10297090.58,337.8539653,499.1608368,65.30082884,0
12.32467091,1956.152489,1913266.279,340.9323041,501.2577984,68.86888116,0
18.25976268,2906.766919,4224646.96,343.2793406,503.0855514,65.28119572,0
16.53563318,2655.419712,3525626.924,384.7904887,534.8393467,56.13787867,0
263.9840273,39772.00336,790906125.5,296.8792125,469.7617799,45.3854677,0
137.3403895,20274.98471,205537502.5,274.2432796,452.4640184,51.12748958,0
39.03718933,6094.790536,18573235.84,302.9211154,475.7266049,63.61321963,0
61.70621792,9357.583961,43782188.8,367.6433565,511.8850056,55.96703597,0
56.50503207,8613.193514,37093551.26,303.1895626,474.2963259,59.91559526,0
16.06512487,2091.594481,2187383.737,187.8978798,376.7194437,62.49686386,0
50.78051764,7996.269125,31970159.96,322.5450161,489.3111378,60.80313981,0
14.80707934,2412.009926,2908895.94,346.1687503,506.1950677,68.76366968,0
18.23591361,2384.594604,2843145.712,183.8531938,372.5355887,55.06338383,0
10.13757691,1256.001595,788770.0033,189.561295,376.0012975,62.91032155,0
16.13815324,2237.664865,2503572.025,248.8418103,430.3462234,52.27567429,0
23.69001654,3170.823272,5027060.111,196.8299015,384.0157688,52.77826181,0
52.98474454,7344.021248,26967324.05,232.7622005,415.4419332,56.28935626,0
53.46951503,7512.891873,28221772.15,235.9596755,419.6686104,57.22097279,0
12.75631992,1983.42785,1966993.018,274.045968,455.5936016,69.25990841,0
43.34527118,6600.075412,21780497.72,314.7981301,482.220275,58.08467954,0
16.69606242,2558.611621,3273246.714,263.1224907,445.6741843,58.15973096,0
85.21514271,14158.57725,100232654.8,332.6461201,500.0576421,60.41268017,0
25.13274118,4396.997148,9666791.959,371.5807361,528.4687621,66.44497563,0
34.59107788,4978.412773,12392296.87,265.1013917,442.0968193,58.5600705,0
10.66276601,1671.843531,1397530.396,356.2266237,516.4245329,57.80824926,0
8.275480096,1257.474263,790620.7611,306.1518863,476.4579903,70.33546595,0
55.95998823,8674.637683,37624669.46,319.6159439,486.483641,59.77769168,0
12.65224063,1907.550654,1819374.748,291.1401681,466.3392504,68.18932838,0
55.93276264,8559.609953,36633461.27,281.1938852,456.5223464,56.37928302,0
36.09208319,5692.61489,16202932.15,315.3225531,481.1929677,56.89907254,0
11.04385879,1766.263987,1559844.236,375.0147283,528.5870395,58.03259025,0
32.15050316,5336.011261,14236508.09,374.4670773,520.8416651,58.28140871,0
43.02744107,7091.470456,25144476.61,445.4305426,561.5121998,57.68793015,0
53.83477129,8392.848616,35219953.94,362.2053685,508.8816601,58.25476535,0
112.0177329,17852.13707,159349398.9,316.940743,484.8713444,50.42819946,0
186.4989003,29460.21211,433952048.9,402.6093516,543.8536968,46.65149908,0
11.66754106,2013.151922,2026390.331,414.8461524,558.787191,59.55457614,0
36.84935032,6159.756818,18971302.03,339.8358895,505.3995532,65.67676152,0
74.64659028,12769.56,81530831.28,394.3818305,544.3479711,59.39409538,0
15.87895641,2470.258936,3051089.605,325.7554018,490.329049,67.22718743,0
10.02879587,1600.721634,1281154.875,343.1363211,502.9408241,69.57942304,0
19.83741109,3172.898879,5033643.647,344.3626924,503.6636642,67.23803338,0
6.902275697,1065.123558,567244.0972,312.0835531,481.4431468,71.961162,0
10.16703173,1565.214671,1224948.484,317.3703371,484.5154833,70.12044666,0
22.17627661,3385.130175,5729553.151,311.4145684,479.9237735,65.12515984,0
19.98502366,3072.309012,4719541.334,345.7590942,508.0500104,55.01388912,0
34.17327578,5176.075641,13395879.52,305.41086,475.5154793,61.8082483,0
14.29491149,2331.339106,2717571.014,347.67899,507.130554,69.12177741,0
248.2198861,38814.01224,753263773.1,299.4581883,473.6722149,50.16831342,0
20.56453695,3395.22484,5763775.855,349.8429962,507.8376546,57.72354289,0
51380.98736,6538484.119,4.27518E+13,112.7921638,200.8638794,9.957757072,1
25292.31784,3134534.863,9.82531E+12,85.14560404,178.401565,9.918749711,1
52469.95082,6183938.095,3.82411E+13,84.60777818,175.8189898,6.798295418,1
5819.260184,737188.5942,5.43447E+11,110.4438169,199.1789174,13.70223528,1
5820.980353,736708.3031,5.43E+11,109.9248256,198.7376059,13.60237669,1
94429.25944,11309717.28,1.28E+14,90.01800904,180.5768211,6.97137274,1
93882.65791,11310414.17,1.28E+14,90.4144701,181.0586389,6.89080593,1
91692.11327,11203685.46,1.25523E+14,95.02720791,184.9363396,7.144350151,1
69882.18783,8216950.595,6.75183E+13,82.34145888,173.5858588,6.330573897,1
913.0456494,102837.3765,10575526004,71.71829392,162.0472081,14.30370585,1
724.0626106,82917.59137,6.88E+09,75.73022837,166.2703564,14.93827473,1
722.2181858,81577.4535,6.65E+09,74.59760502,164.6513703,14.73662987,1
413784.795,54809464.05,3.00E+15,127.0117482,212.7230491,8.843417788,1
414878.7581,55009244.5,3.03E+15,126.4293478,212.3506717,8.860558825,1
169825.6296,21918933.67,4.80E+14,117.0304675,204.1294626,9.156172027,1
142123.0687,18055975.6,3.26E+14,110.3892742,198.9108832,8.788240794,1
142145.4786,18015342.49,3.24553E+14,111.0426033,199.2124079,8.553449778,1
574.1870973,60670.34317,3680890541,65.43103682,155.3768678,10.78626838,1
585.470698,59856.68919,3582823241,56.91787181,146.7315596,10.2369092,1
428.1927186,45315.24887,2053471780,63.45423546,153.2766249,13.38516958,1
427.9731259,45639.66124,2082978678,65.55154372,155.3652512,13.5972097,1
435.7251613,46544.61751,2166401419,66.13677991,155.9148998,13.5481874,1
18535.60857,2319195.778,5.37867E+12,105.3023255,194.4857293,11.41000753,1
65809.74629,7758676.308,6.01971E+13,84.42387985,175.475812,6.67615729,1
65726.16157,7688569.076,5.91141E+13,83.06708906,174.2107441,6.357536769,1
65722.11794,7693048.72,5.9183E+13,83.33220551,174.4548201,6.307659532,1
63889.97455,7361725.75,5.4195E+13,74.79796588,166.5193102,4.693691544,1
63860.76355,7293043.994,5.31885E+13,73.23682803,165.0505677,4.489265944,1
65663.29667,7761562.172,6.02418E+13,85.39753475,176.2989958,6.867657261,1
65680.40556,7672168.919,5.88622E+13,82.45783893,173.7022017,6.307659532,1
65681.57605,7765421.906,6.03018E+13,85.53062842,176.397515,6.794293154,1
63842.84521,7251543.496,5.25849E+13,72.64071768,164.4649433,4.437245782,1
15385.10336,1828675.352,3.34405E+12,87.75567589,178.7545313,9.991798575,1
15378.94365,1844936.078,3.40379E+12,90.10575653,180.8408533,10.22533769,1
19579.30701,2316053.074,5.3641E+12,85.25502282,176.4584766,9.275828,1
19570.20751,2298868.687,5.2848E+12,83.62107167,174.9723962,8.695996064,1
19567.97588,2302804.977,5.30291E+12,84.40682165,175.6437959,8.673228398,1
47003.20176,5589663.174,3.12443E+13,87.68855463,176.7399761,9.549527116,1
50173.46427,6238751.257,3.8922E+13,87.4954285,179.1536055,10.78573927,1
45769.49703,5351909.138,2.86429E+13,78.88035097,170.4278147,7.43450689,1
50260.20251,6202458.815,3.84705E+13,84.7596796,176.8087176,10.6359099,1
50245.10219,6251532.346,3.90817E+13,86.80668317,178.6578015,11.00852216,1
50187.67818,6243205.577,3.89776E+13,87.34287066,179.0523566,10.73479053,1
50148.15032,6240420.425,3.89E+13,87.76872941,179.3889154,10.78168782,1
47317.84799,5642302.947,3.18356E+13,83.96810767,175.0013975,9.574365112,1
3710.81751,485236.3252,2.35E+11,124.7871357,210.2146712,15.76424637,1
106459.4286,13690663.82,1.87434E+14,119.6126367,204.7327043,8.543356426,1
64652.23207,8780907.583,7.71043E+13,113.0557186,204.0442273,10.84900492,1
2208897.47,310635342.8,9.65E+16,143.566091,227.293157,9.785107754,1
100027.6584,15198652.15,5.77E+13,542.7101449,895.7656971,73.02954615,2
2825958.885,422064076.7,4.45E+16,603.0968369,928.031156,57.61126082,2
115354.9165,18431825.84,8.49E+13,611.1541645,957.1839056,75.03422295,2
49412.02232,7834748.659,1.53E+13,659.5894592,973.9511798,76.82905398,2
28793.90634,4196879.425,4.40E+12,416.6447074,801.6331498,72.47528454,2
39373.7569,5867807.328,8.61E+12,635.0063293,950.0156751,74.74148681,2
6263.535041,940196.5574,2.21E+11,700.1231811,1008.577053,81.40286392,2
34967.79817,4955598.255,6.14E+12,479.7860631,839.6212308,69.51949565,2
173152.4959,20544133.1,1.06E+14,317.6931584,689.1506427,45.24234331,2
26255.54248,3747688.267,3.51E+12,430.7823344,807.7699613,76.16397189,2
13223.52445,1426011.384,5.08E+11,225.9812607,593.2785292,46.42504743,2
261081.7341,37356299.34,3.49E+14,647.7856685,955.8206335,63.5618909,2
21508.04861,2903820.664,2.11E+12,392.6960752,767.5409333,74.63960095,2
171319.238,23644020,1.40E+14,393.563369,774.2563544,58.24867355,2
1593676.5,220684203.5,1.22E+16,390.6820463,772.6478789,47.32380028,2
1333.050284,165141.4554,6817925074,292.8327918,673.3661079,89.01749333,2
23730.98737,2929161.356,2.15E+12,333.2711686,709.3496856,61.58215092,2
3348.918837,480756.1774,57781625531,441.0196025,814.0992598,84.65792474,2
36180.28362,4969590.802,6.17E+12,398.2786221,775.0645789,71.05244867,2
3103.176965,386643.7992,37373356864,361.9545206,724.3666732,81.37778864,2
96649.71022,13985637.55,4.89E+13,609.0849594,931.2098116,69.29312947,2
7327.740209,931514.0088,2.17E+11,327.0907362,708.9358,69.20383262,2
3470.280033,490900.9137,60245926780,416.775006,796.4627308,83.58271041,2
48858.39696,6829673.091,1.17E+13,405.5170354,785.7836197,68.29467598,2
15104.27952,2211844.967,1.22E+12,527.4107331,878.7624534,78.0672208,2
3322.051583,445018.5854,49510385340,383.7084355,757.7841115,87.28561819,2
114553.7015,17226091.41,7.42E+13,614.3521562,935.4029769,73.189739,2
182472.0775,24889141.64,1.55E+14,397.5226802,774.3740225,61.4871428,2
258042.0091,35713534.26,3.19E+14,387.7336066,770.5661905,56.2038148,2
27309.40385,4174780.48,4.36E+12,626.1864496,948.2662127,79.19728115,2
169874.2114,23585007.24,1.39E+14,401.0882682,780.5047307,59.66706811,2
218217.2471,31262447.77,2.44E+14,437.4415552,813.2032996,60.58387443,2
141432.2939,18747829.99,8.79E+13,371.2083712,749.2314552,59.06131587,2
14696.10281,2272792.207,1.29E+12,590.0558755,936.5385675,83.89497247,2
141529.8218,21572092.81,1.16E+14,612.3447857,936.8454633,72.81569915,2
47198.86366,6891708.077,1.19E+13,458.1070608,829.8151858,74.27194487,2
15543.84227,2371417.424,1.41E+12,622.2489725,960.0278689,80.92974085,2
32123.87673,4963782.909,6.16E+12,640.9152796,957.3330508,78.39712371,2
99963.66223,13890461.83,4.82E+13,388.9407894,772.6228356,60.58802909,2
23688.85883,3557423.71,3.16E+12,538.6934602,902.5563272,67.91616201,2
2798.382338,346302.7231,29981393999,287.6300973,669.3087292,80.02097007,2
12352.77405,1524407.655,5.81E+11,286.169682,668.7563867,66.85174814,2
622.4445966,65375.88481,1068501579,227.0077329,590.9413201,63.68430541,2
9576.292215,1261660.298,3.98E+11,335.0653174,718.4815062,80.72431386,2
26940.18036,3753064.42,3.52E+12,417.1773387,791.0790932,75.62511962,2
14141.41897,2232330.806,1.25E+12,650.9887088,968.5964206,81.78509719,2
81108.0722,11569494.25,3.35E+13,481.9384628,840.3104775,69.95320918,2
81145.65802,11579904.92,3.35E+13,482.5229722,840.7118816,69.59984333,2
28795.37725,4141434.826,4.29E+12,441.1647276,816.8467466,75.61071152,2
40262.28769,4834984.959,5.84E+12,334.2245046,708.5929593,50.77122401,2
0.264968769,45.39769746,1030.475467,337.3797483,507.5341104,58.92633196,0
0.289730046,48.99045184,1200.032186,323.5911471,496.3000167,58.34037391,0
5.867649533,779.8980616,304120.4932,271.3764108,441.8640669,63.33738777,0
1.487244877,190.016504,18053.13589,193.3723151,380.3651833,72.3484825,0
1.260991044,207.2100974,21468.01223,292.1590821,472.2972148,59.43690123,0
0.266576173,45.35565417,1028.567683,326.9933173,499.2598382,58.4840256,0
0.165948785,28.61351004,409.3664783,342.0490616,511.1011954,58.79543961,0
0.305380469,48.61779518,1181.845004,332.9743381,502.7708374,73.30951971,0
0.465338805,77.2667624,2985.076286,309.2212361,483.8720303,56.64015625,0
0.526927877,87.03995232,3787.97665,305.8015404,481.1006411,56.87785767,0
0.453276723,78.28153618,3063.999453,341.9179449,509.8448281,57.12558551,0
0.798294461,136.8437555,9363.106708,333.0073782,503.3064937,57.15611368,0
0.888965957,152.6343489,11648.62223,335.1818084,506.0790734,56.72936139,0
1.056938125,183.0966772,16762.19661,342.9096912,512.0382393,57.06427333,0
1.464079718,251.664444,31667.49619,331.8999293,503.0855275,57.91741396,0
1.546579127,266.1375032,35414.58529,336.8112358,507.5937011,57.42160446,0
1.595943593,271.5717552,36875.60912,323.5340632,497.0196957,58.11980209,0
1.784448698,286.7729286,41119.3563,328.4361243,501.5051046,63.02090423,0
1.712733218,290.5160557,42199.78932,312.3104698,488.6790343,58.59941196,0
1.91888325,324.1703315,52543.2019,320.2208088,494.9045368,58.01975866,0
2.407875134,383.1297021,73394.18432,317.8028135,493.5112806,60.66306805,0
2.335448756,394.0481906,77636.98824,314.852313,491.5385607,56.8995949,0
2.466129291,413.2684155,85395.39161,350.840105,522.2200773,58.46781439,0
2.214380739,374.6387336,70177.09035,316.2959749,491.9730747,57.14794345,0
2.148114661,365.8096367,66908.34514,328.5094835,501.3272242,57.93486856,0
3.107485264,510.1309503,130116.7932,296.0071775,476.8848029,55.72264022,0
3.714588317,612.2057837,187397.9608,296.8069181,477.8794889,55.72324516,0
5.178911577,831.0175577,345295.0906,274.5029072,459.2821109,57.69444043,0
5.088472649,840.1834275,352954.0959,290.3962723,471.3034229,56.96187681,0
3.011941218,498.3536136,124178.1621,307.8206683,485.9431537,55.91347931,0
1.719211317,289.2141775,41822.42023,312.6491431,488.8234189,58.75885245,0
1.768167496,298.8044061,44642.03656,320.7541803,495.4138887,58.06200047,0
1.682439946,282.5020246,39903.69696,304.9330222,483.0856235,58.99443549,0
1.773244149,299.2837579,44785.38386,319.7196409,494.7307833,57.89911353,0
2.600977081,430.871813,92825.2596,309.9372944,486.5768412,56.50487424,0
1.814644624,301.7298232,45520.4431,295.8994713,476.3350533,59.15676724,0
1.783022798,297.1094767,44137.02056,302.5411126,481.4764106,58.52310666,0
1.006924721,173.2377013,15005.65057,335.8798027,507.0426257,57.99039005,0
1.103024089,188.6778438,17799.66438,321.0986276,495.3022366,57.96326598,0
0.394087242,68.62607426,2354.769034,347.7030965,514.0226021,57.30068251,0
0.500025763,86.56862405,3747.063335,342.8800558,510.918272,57.05153094,0
0.142230512,22.39749739,250.8239446,263.9887449,451.352284,60.76817833,0
0.121970179,19.37748566,187.7434752,274.9336001,459.7059968,61.02549616,0
1.643292046,279.863572,39161.80947,324.1311652,497.4208804,58.05234274,0
1.563058432,268.3314317,36000.87861,336.662652,507.1804204,57.40123195,0
1.538244174,262.217882,34379.10883,325.9068071,498.8364036,58.18300872,0
1.47352798,252.961006,31994.63528,336.3655951,507.1763344,57.65323699,0
1.258448791,203.1280206,20630.49637,335.1500769,506.5434801,64.22137646,0
1.551450713,265.0506117,35125.91339,328.6417598,501.9675597,57.17449088,0
1.023694425,175.8124425,15455.00746,333.7454436,505.3958414,57.61842958,0
1.073576535,184.6503082,17047.86816,335.4471446,506.5758085,57.07179634,0
0.184420734,31.83895878,506.8596482,335.9252578,507.6564976,58.606241,0
0.116415555,20.21664062,204.3562791,342.9866824,512.4875766,57.5592434,0
0.209927065,36.06719342,650.4212204,330.6651197,501.9255207,57.872202,0
0.675506205,115.8363565,6709.030746,325.0715594,498.3529065,59.40960302,0
0.605221192,104.4685259,5456.83645,338.7069863,508.2364783,57.7792828,0
0.718996977,122.8466134,7545.645207,328.4426815,500.8871961,57.8211977,0
0.260108139,44.70606435,999.316095,332.1438208,504.2953962,57.89962025,0
0.274251366,47.1860363,1113.261011,325.7784681,498.9227067,58.93640855,0
0.260558236,44.67739185,998.0346712,327.4688714,500.1559433,58.32940279,0
0.093088703,13.59098512,92.35743825,239.6563526,425.7908541,67.99269396,0
0.067948046,9.704979456,47.09331312,256.7703042,441.3313274,81.6445822,0
0.059799859,8.951111685,40.0612002,249.37974,434.4868988,65.65031329,0
0.565565377,97.56613234,4759.57509,339.7717294,509.6016658,57.12425012,0
0.652200058,113.2218418,6409.592727,340.0121119,510.1273017,56.63295132,0
0.665879252,114.7242639,6580.828368,337.1007982,506.6726025,57.78864952,0
0.181232414,31.10358321,483.7164443,328.7414521,502.0867735,58.26092976,0
0.222384637,37.75048685,712.5496286,317.8726401,492.8300944,57.56945001,0
0.263848289,45.84835974,1051.036046,342.0365331,509.6342187,59.55963286,0
0.525358888,90.18139008,4066.341558,335.2782646,505.0084533,58.12354583,0
0.597590003,101.9685586,5198.793467,328.6098121,500.2284148,57.59398776,0
1.104511613,180.5962906,16307.51008,282.6576213,466.565207,60.62959517,0
1.158184834,180.298481,16253.77113,296.7071101,478.308504,65.46093859,0
2.837337513,427.1536148,91230.10534,271.225395,456.9905071,58.81932372,0
3.144447982,488.6357638,119382.4548,256.6593179,443.6108502,57.47656217,0
3.185014443,503.317878,126664.4432,256.2541053,443.1215472,58.6944483,0
3.434747395,506.2958479,128167.7428,231.9111813,421.3083902,57.02943652,0
3.366059194,494.3804892,122206.034,229.1644104,418.0872549,58.24179362,0
1.353514206,181.8908523,16542.14107,222.6926715,405.0800945,60.57715598,0
3.680775197,505.8430954,127938.6186,215.3462909,400.7422982,57.7510173,0
0.057131311,10.03389238,50.33949814,364.5937184,526.2745926,55.93497267,0
0.068524134,11.25746818,63.36529489,363.0901218,524.8100792,75.56370147,0
0.067328844,11.7401935,68.9160717,353.29344,517.286313,56.60204744,0
2.166139299,346.9429637,60184.71002,276.6383423,460.873965,56.72159043,0
1.4580678,237.2708273,28148.72274,287.0005123,469.5071197,58.26842637,0
1.846979005,297.9728257,44393.90242,284.1983405,467.3727661,57.39493244,0
1.750859329,294.4747555,43357.69082,319.5484144,492.4398018,56.82935029,0
1.887607236,320.3335215,51306.7825,325.2303677,497.2195043,56.38695005,0
1.699009697,287.9655196,41462.07024,324.4977815,496.8247385,56.8214567,0
1.774972083,267.958303,35900.82606,240.7827717,428.6422553,59.82489299,0
2.07641235,308.8058224,47680.51799,240.1887253,427.4450892,58.96925785,0
1.62310969,245.8394276,30218.51207,241.5305967,429.6836747,60.11593382,0
0.883024252,146.8305871,10779.61065,305.9576832,484.7118834,58.33053964,0
1.336167762,209.5680842,21959.39096,304.4007486,484.0170833,64.4144973,0
0.279000572,48.3284331,1167.818723,341.6460948,511.4876407,57.52018423,0
0.596880243,99.05986788,4906.428713,287.7678737,470.8981327,59.72038882,0
0.11461111,18.11498905,164.0764142,264.8612369,451.2481737,60.71655633,0
0.273454453,43.12155349,929.7341879,281.1168783,464.3285659,63.25796544,0
1.620340712,233.7863028,27328.01769,243.2105108,426.9810674,59.53045358,0
2.621482603,354.2417132,62743.59567,244.9962061,419.8664751,66.79258099,0
2.06112305,293.8312517,43168.40223,224.9002554,411.3519633,63.54365657,0
4.878720611,668.3761056,223363.3092,225.9002274,410.0100482,58.93466579,0
1.833378642,258.6634367,33453.38674,236.0566026,419.3444048,63.2512741,0
3.334942981,470.6256357,110744.2445,221.5580205,408.8514359,60.68094256,0
0.581851647,88.68782121,3932.764816,261.1513935,446.7276657,63.9370516,0
0.774926938,115.0658692,6620.077123,241.4017525,428.5155339,66.04546703,0
4.334621549,680.4353426,231496.1277,278.6240918,459.9193745,57.31101957,0
1.024359805,168.9876307,14278.40967,301.1318055,479.4386144,58.62566315,0
4.067905945,624.1504495,194781.8918,286.2959868,460.7628589,58.27878594,0
1.846918215,296.3866594,43922.52594,286.5485388,465.5192738,58.11177535,0
0.675289906,112.4302966,6320.285795,311.7299776,486.8724019,57.29270468,0
1.059119678,172.4459681,14868.80596,290.4579532,468.8631988,57.96654933,0
0.659833676,115.2525143,6641.571023,357.237396,521.6860752,57.74713116,0
0.647659469,93.96819131,4415.010489,227.3416548,415.1741908,61.72259701,0
1.119677714,193.636479,18747.54299,345.9530723,513.45756,57.82800847,0
1.462538286,250.423959,31356.07962,331.592308,502.4597249,57.83149096,0
0.97105189,168.9060719,14264.63057,340.9321652,509.3813903,58.74904191,0
1.212305664,210.2730598,22107.37985,345.4688739,512.6730812,57.55189374,0
2.379109419,410.4013249,84214.62376,330.7953002,502.511042,58.7858607,0
3.037661622,524.9531089,137787.8833,342.3991629,511.5837721,56.32907165,0
2.334336683,400.1230804,80049.23972,333.2027494,505.1126815,57.22118735,0
2.506197214,427.3503686,91314.16879,325.3482198,498.7783128,57.02597038,0
3.334255111,565.8022639,160066.1009,320.3618593,495.1268725,55.57652121,0
3.420364134,582.3759413,169580.8685,325.6017056,499.6864805,55.87732992,0
3.766940452,635.7005021,202057.5642,315.1175417,491.1125543,55.69760071,0
4.118377835,693.8886645,240740.7394,306.5915713,484.5930489,56.86110692,0
3.910393565,659.3463376,217368.7965,316.8267793,492.696233,55.95956158,0
4.833644575,810.3641953,328345.0645,301.9972188,481.0549528,56.61294828,0
3.68012472,611.0503685,186691.2764,295.7938833,476.4391409,56.99103635,0
4.149179812,677.7294023,229658.5714,320.8722588,497.9495199,57.89540123,0
4.856231694,823.1240364,338766.5897,318.0240985,493.4511847,55.48533684,0
4.97109082,796.2703075,317023.2013,331.0046684,503.7551333,56.70276865,0
6.962568005,1106.352634,612008.0757,271.2952533,456.4817496,56.67601843,0
11.95354437,1854.358983,1719323.619,257.4728223,444.0018362,56.70065247,0
12.95651197,1957.297776,1915507.292,278.1963908,462.5565082,52.94305162,0
9.422166349,1500.685091,1126027.871,278.3251353,462.5411212,55.86174601,0
3.567802152,598.5172365,179111.4412,304.9470489,483.3567359,57.36611406,0
3.695527414,619.6202993,191964.6577,312.5566615,489.0279002,56.13225427,0
3.447137729,587.1455494,172369.9481,331.3362093,503.4326021,56.08977081,0
3.377982073,575.9679512,165869.5404,334.6519909,505.5728713,56.06972475,0
3.263830972,553.9720973,153442.5423,330.2974186,502.610571,56.18590222,0
2.683855572,456.7871981,104327.2722,326.5156711,500.5823733,56.7149802,0
2.545260186,435.1945026,94697.12755,322.8205985,496.5533814,58.30821172,0
2.423606764,413.5804677,85524.40162,328.2785622,500.508603,57.39086463,0
0.530529386,85.3636701,3643.478086,325.481154,499.8155274,68.88474105,0
0.92936509,161.9969227,13121.50149,351.4558443,518.0181548,56.63976682,0
1.129990574,197.4179436,19486.92223,360.2932763,523.685412,58.2344174,0
1.666797051,278.4733531,38773.7042,310.0334673,488.4514717,57.53043452,0
2.815613704,464.9627004,108095.1564,302.3675143,482.3837501,56.42720612,0
0.185137838,32.11731383,515.7609237,348.5746291,513.8996866,58.18029788,0
0.211900294,36.81893038,677.8168172,341.8615285,508.7448874,58.44449147,0
0.520076304,89.76899006,4029.235788,330.3399747,502.082249,58.29618867,0
1.438239552,208.3330551,21701.33093,244.6164916,428.4243891,62.07942099,0
1.623135309,279.3447704,39016.75036,337.3176709,506.8335425,57.90373128,0
4.245128634,619.8452042,192104.0386,235.5628125,423.5559886,56.52283086,0
4.791478469,692.7334862,239939.8414,232.2101839,420.391853,55.88326936,0
0.232982236,40.56806737,822.8840451,344.7443953,511.4955967,59.3853603,0
4.243209086,722.0233397,260658.8515,329.8541327,501.7229397,55.30097284,0
5.670031841,892.1180505,397937.308,265.0894266,452.1017303,56.19594312,0
3.446332894,553.2368956,153035.5313,276.8171198,461.7448069,56.73511636,0
0.70000385,121.8893139,7428.502419,355.840312,520.351122,57.31960455,0
1.374876896,234.1079773,27403.27252,322.2863136,495.604335,59.10817898,0
0.797698339,134.9328879,9103.442125,317.314769,491.4265869,59.20548509,0
2.929211506,467.8094219,109422.8276,271.5028634,457.3584388,57.56374745,0
6.738252054,1029.391274,529823.1978,250.7313012,438.4893202,55.31473368,0
3.56122639,546.8287027,149510.815,245.8956069,434.4997259,59.5964906,0
7.633523064,1103.390793,608735.6214,227.4571318,415.3973142,57.00024573,0
7.873770995,1088.587895,592511.8029,230.9775153,419.4395075,54.07215057,0
7.15281061,1026.121858,526463.0342,224.0432133,412.5106001,57.50210379,0
0.295635334,48.84206156,1192.773489,300.3140367,479.282626,59.38793061,0
2.160364774,352.6257235,62172.45044,300.5519336,477.7470884,59.01331358,0
0.316583497,44.26935068,979.8877047,224.4202406,409.901053,65.51944781,0
0.449090637,63.0360462,1986.77156,223.8830069,410.9418668,64.92246381,0
0.67429125,108.9696107,5937.188032,299.5518083,476.6679479,59.62072568,0
1.736052318,286.8825064,41150.78623,302.1625279,481.0262365,58.96689758,0
33.37332439,4053.13369,8213946.355,186.0904636,366.9192075,50.37818486,0
2.555968344,402.6098276,81047.33663,273.7130101,457.6189145,57.60623484,0
1.595780039,241.2160019,29092.57979,265.8028908,445.3271783,58.49028536,0
5.537840226,907.5443232,411818.3493,294.6736007,473.3413085,58.16528063,0
2.053851778,292.7734871,42858.15737,227.481276,415.4924414,60.20983728,0
1.94942809,314.2649741,49381.23697,288.6052301,470.6409255,58.41799023,0
8.256723685,1384.249329,958073.1028,323.8320099,496.1096027,54.96079587,0
3.648986625,598.9833125,179390.5043,303.9107106,482.537768,55.96563543,0
1.247606632,206.7723671,21377.4059,310.7200784,487.9250606,59.94908006,0
0.387489773,62.5313502,1955.084879,308.0135978,479.8850933,60.26394543,0
0.12183194,17.67627227,156.2253006,247.862486,431.7906299,68.85099414,0
0.252949476,42.2965268,894.4980896,318.9811048,493.2372805,61.2498629,0
0.345224961,57.08385998,1629.283535,308.6010159,486.1260868,60.23899183,0
2.145344787,304.9447566,46495.65228,229.0964321,415.1049116,60.07741536,0
5.885778147,934.8891744,437008.8842,287.2737523,465.1570181,53.97243867,0
0.262066187,37.01643283,685.1081497,263.1802518,444.4530829,78.11425001,0
1.430196724,203.3801397,20681.74061,235.2685629,419.2169392,59.86410502,0
0.399892436,59.27580959,1756.810801,255.8115091,437.8856956,63.7274244,0
0.851816382,129.9462075,8443.008419,252.00789,437.9210106,60.69279055,0
0.689351961,114.4664161,6551.280212,332.5214413,501.2692137,62.0070593,0
0.150117084,21.64552729,234.2644259,286.4556046,456.1489038,69.6111656,0
0.290990725,47.90060732,1147.234091,310.5183448,485.3608555,60.57463494,0
3.865814073,523.135886,136835.5776,238.1028761,424.0640687,55.74443182,0
0.190061776,30.79360466,474.1230441,310.5077435,484.4153194,63.25765701,0
0.636437939,96.54332928,4660.307215,261.8193273,443.5630542,66.70775217,0
12.26217933,1710.855901,1463513.957,233.5318587,417.907603,55.10867488,0
5.14648363,686.9359678,235940.5119,213.4997789,400.2035181,56.17902248,0
0.889453454,120.0060425,7200.72512,240.9827982,421.0639641,62.5788163,0
8.499934987,1094.329222,598778.2227,219.0424224,399.7265473,51.57891437,0
3.441088646,461.9241652,106686.9672,217.2132942,400.7119445,59.33298628,0
6.060471099,807.1352149,325733.6276,237.6480837,419.9605435,58.36785324,0
2.860797327,364.5014852,66430.66635,243.2542677,418.8981655,61.22706812,0
0.293009037,48.21042617,1162.122596,307.5245836,484.0649571,60.65508958,0
3.481318434,522.8518861,136687.0474,251.7942507,436.5975085,56.8038273,0
0.767147267,122.0903052,7453.02131,288.6408935,469.0080408,60.70172736,0
3.124170999,465.1095307,108163.4378,259.3720721,441.0765939,60.44180041,0
1.383658518,214.1505115,22930.22079,280.1342254,457.1483799,60.03409729,0
0.388260873,63.59296834,2022.032811,306.1881727,482.1617068,61.28691742,0
0.682567258,109.9992086,6049.912943,294.7705118,472.0630939,58.68249964,0
0.468656564,64.90537189,2106.35365,214.8368572,401.6037182,64.77211623,0
0.431902276,60.37222513,1822.402784,218.5107022,405.2867873,64.37041626,0
1.648856512,259.875929,33767.74923,278.0497677,457.7394007,59.11469003,0
0.615585124,99.08608359,4909.02598,288.3343173,468.6457766,59.50299063,0
0.637042807,100.7835827,5078.665275,275.4384657,457.6032257,58.47993716,0
0.793405671,125.1226853,7827.843194,271.2756198,455.5795056,59.29633212,0
2.638493205,434.9569505,94593.77441,298.1442761,477.8323384,57.19623192,0
2.419034396,397.7989004,79121.9826,303.9002412,482.1532458,57.10155149,0
3.059832396,503.651626,126832.4802,308.8605457,486.1790918,57.52978227,0
2.259752594,373.5107366,69755.13518,312.8030877,488.9799189,57.99108892,0
2.781714576,457.5124878,104658.8383,302.9452813,481.3926638,57.02101853,0
2.839212255,468.0732617,109546.2892,296.7902155,476.4845444,59.01993094,0
3.700656279,600.9548825,180573.3854,290.9219559,472.3289471,56.79002567,0
3.089263793,504.4156803,127217.5893,287.9133442,469.6978228,58.60957404,0
3.77022135,615.0686656,189154.7317,298.8764236,478.5233283,56.97157144,0
3.402770169,512.0885275,131117.33,314.5060494,488.675734,57.96725816,0
3.418299621,547.2905396,149763.4674,281.6020909,465.3502439,57.77824051,0
3.298231969,530.2209053,140567.1042,278.0656289,462.6702841,57.99555042,0
3.79497843,621.2536484,192978.0478,301.9775297,481.0780973,57.11138855,0
3.705423231,605.5763535,183361.3599,301.8945309,480.8795191,57.41967882,0
9.583475595,1437.46608,1033154.366,250.4858932,436.3109974,53.83044457,0
5.416014547,839.7312607,352574.2951,260.7034462,447.5053935,57.68711311,0
5.412494921,836.1332008,349559.3647,269.2368087,452.6432455,56.26873224,0
10.20110432,1558.026393,1213723.12,256.0381135,440.6068613,58.46673137,0
3.415376306,554.9567045,153988.4719,282.2950996,465.315492,58.48108283,0
3.485756147,576.1072178,165949.7632,267.6533278,455.0581224,55.63071786,0
3.463907524,575.1456794,165396.2763,309.7726698,487.195517,56.85148456,0
3.399650339,556.7710898,154997.0232,300.1218469,479.3419132,56.94002349,0
3.529243077,586.4786211,171978.5865,332.8526148,503.9260825,52.89894395,0
3.535859563,577.7241815,166882.6149,304.2112692,482.5699807,57.20285021,0
2.871423392,493.8896918,121963.5139,336.8582986,507.6214142,55.92537263,0
0.588908781,100.8487342,5085.233593,332.1170661,503.8895262,56.72557073,0
0.403051859,69.01036214,2381.215041,330.9330851,501.8182166,56.03484995,0
1.350923511,236.2795155,27914.00473,364.6611591,526.6741695,57.59072154,0
1.282695131,224.2702707,25148.57717,359.6395392,522.0258516,58.21844005,0
0.308260657,41.18505017,848.1041788,195.3002748,385.5237602,70.94647641,0
0.821624353,144.2835651,10408.87358,406.7782931,551.5202718,52.24394822,0
3.385486094,560.364205,157004.0211,297.4755026,479.1230145,55.95825625,0
0.210513875,36.98810902,684.0601044,368.1041695,528.5806089,57.18942482,0
0.248292947,43.5017858,946.2026839,358.934182,523.1436177,56.85409177,0
0.612028373,106.4127111,5661.832545,350.870271,517.4176164,57.2574308,0
0.758815898,131.9881057,8710.430022,349.3891473,516.4614302,56.55927752,0
1.512942619,260.3583791,33893.24279,338.0670541,507.4490055,57.55593917,0
2.020612121,347.8476965,60499.00998,331.1093693,502.2633365,58.8166513,0
5.119891867,741.628769,275006.6155,233.5944458,421.4366277,55.68759893,0
5.721498334,822.0941733,337919.4149,226.242792,414.1864393,58.05004318,0
1.338061387,201.8496402,20371.63862,263.4358089,446.9614315,59.25212052,0
4.999112512,850.2602521,361471.2481,329.03193,501.1962725,55.09691763,0
7.117697573,1109.111827,615064.5227,261.5246332,447.714104,56.65882145,0
4.280258559,684.311538,234141.1405,269.6945113,455.5610075,57.81144308,0
0.919007811,158.5683063,12571.95388,336.2109993,505.4722727,59.59862243,0
1.77083117,300.6350167,45190.70662,327.2529287,499.1859448,57.66583336,0
0.537290879,91.28624547,4166.589306,315.9828592,492.996295,56.5925772,0
0.670591803,112.4763694,6325.466837,301.7055501,479.878896,57.82402775,0
3.756850632,595.0810532,177060.7299,262.4342484,449.6394842,57.97272312,0
8.609990184,1295.107798,838652.104,241.7955204,429.8071774,55.74042216,0
6.343740324,965.5310336,466125.0884,247.3013201,435.8551359,55.1215434,0
9.481563778,1359.599635,924255.5831,225.8004502,414.3287386,54.68253055,0
8.377600412,1197.597604,717120.0107,226.1114755,414.2899162,55.48736548,0
3.814360474,605.3777023,183241.0812,283.6047431,463.5471837,55.79909821,0
3.641007819,589.135627,173540.3935,307.0169181,480.6899658,58.01289337,0
0.606839192,96.69097562,4674.572383,284.8533327,465.6832957,60.01903909,0
1.295347379,202.8581533,20575.71519,286.4051451,462.4583079,59.34326363,0
2.048121807,341.7504068,58396.67028,305.4246823,481.9720439,59.87107099,0
62.10758671,8017.245551,32138113.11,196.8700273,381.5178407,51.07223888,0
3.33736764,492.9067082,121478.5115,303.1221286,475.3017383,56.56940844,0
2.301036582,352.1305748,61997.97084,264.2163348,446.2278678,57.45701959,0
9.36064595,1488.404499,1107673.977,275.8770506,461.1821613,54.70975059,0
2.435842187,340.7320493,58049.16473,226.7985377,411.9744726,58.90418936,0
2.316202316,372.1462233,69246.40575,281.9171791,465.3354675,57.38798211,0
8.288249929,1380.632509,953073.0622,321.4628261,495.1436491,55.50850628,0
2.028626011,337.7674667,57043.43077,317.5955566,492.6765146,57.94862393,0
1.494164697,247.0143122,30508.03523,307.7320764,484.7614421,59.59232366,0
0.398185996,65.11654933,2120.082498,308.0356596,483.7325031,60.04519079,0
0.134871671,19.65108228,193.0825173,255.2495515,435.2557969,68.42392545,0
0.285820757,48.42522788,1172.501348,328.4703798,500.4687876,61.06559588,0
2.470326404,348.5612786,60747.48247,229.9902024,414.7737062,59.85408259,0
2.48927131,340.6437763,58019.09117,225.7019742,409.8949808,59.27691832,0
0.241958025,38.99995044,760.4980672,291.473762,468.5938467,62.77665959,0
1.5224329,228.4238843,26088.73546,241.2009589,429.6418176,59.54981233,0
0.902702086,144.590368,10453.18726,300.5429549,476.9648425,61.21036543,0
0.184918724,26.25754734,344.729396,273.4125133,446.2591503,69.37170992,0
0.186511478,26.44893624,349.773114,288.2729758,457.4611822,68.49285351,0
0.237672022,33.11423432,548.2762574,259.7545745,435.2889612,71.31628279,0
0.34903005,56.33373922,1586.745087,291.2852465,470.176373,59.11722566,0
4.143642736,602.4840341,181493.5057,227.3748953,416.4649086,57.53687914,0
4.167555747,604.2963408,182587.0338,221.7201459,412.034818,57.61991628,0
0.217237717,34.89658384,608.8857819,293.8790603,472.294532,62.26198663,0
1.315842549,194.3999359,18895.66754,250.9306692,434.7647818,59.83373058,0
6.616429989,871.0618124,379374.3405,220.9784081,402.9758494,52.4509458,0
6.463214008,844.4338258,356534.2431,219.1378746,401.1241018,55.84608246,0
5.460157051,720.6986784,259703.2925,209.0359099,393.0377741,61.06557191,0
6.94185817,887.9356702,394214.8772,268.5415843,432.0834676,53.0096343,0
6.555849427,845.4546035,357396.7433,258.5618132,428.9796197,51.48897053,0
4.662755683,610.9453205,186627.0923,203.9777066,390.3207126,57.76829191,0
8.543485094,1129.996562,638446.1154,204.0089098,389.3756662,57.3371196,0
1.327187081,195.2277983,19056.94661,239.1239898,426.5534328,61.44397199,0
3.795196665,474.5140507,112581.7922,242.7868326,417.5069908,56.88193541,0
0.444028844,72.94451587,2660.451198,309.5870682,483.6672268,57.97806804,0
25.53192857,3649.261082,6658553.224,235.09634,420.8161031,52.75372588,0
11.18104857,1666.65165,1388863.861,250.073233,435.6356913,54.6378324,0
19.76975334,2953.691892,4362147.897,268.0767462,445.4005563,55.03475338,0
9.091047433,1332.871736,888273.5322,309.5027998,477.4063674,53.69012341,0
5.344056916,827.3740243,342273.888,342.1871028,500.7811862,56.17799733,0
10.7916086,1618.874536,1310377.381,287.4527431,458.9988747,55.0583455,0
8.818193718,1480.332115,1095691.585,300.7001094,481.8960756,53.27794041,0
17.01183706,2757.035074,3800621.198,262.0745779,450.4213292,53.92449133,0
10.26691976,1730.637337,1497552.796,318.0597025,491.9457824,54.05170696,0
13.77146274,2333.571353,2722777.631,321.741145,495.9248376,52.87833377,0
9.994529452,1718.160028,1476036.942,327.1140089,499.7481155,55.3154613,0
12.61884854,2157.714917,2327866.832,330.7962483,502.5467095,55.13340568,0
16.71136441,2834.471784,4017115.148,317.8323969,493.2358206,55.3564785,0
19.92838464,3372.219146,5685930.986,316.2058827,491.9807932,55.44594851,0
19.26450814,3202.814506,5129010.38,306.5492111,485.7415474,54.32530811,0
21.0851465,3462.949182,5996008.52,288.1758416,471.0567553,54.90413148,0
22.15215674,3641.044649,6628603.068,285.2143456,469.1254995,54.1407378,0
22.99953231,3773.353299,7119097.559,284.8799849,468.4817362,54.59620875,0
22.84117058,3811.218067,7262691.577,307.1836956,485.2812389,53.72858067,0
25.03157983,4164.983511,8673543.823,308.3596001,485.7077455,53.90081613,0
24.56950193,4040.975501,8164741.501,289.1210337,470.2582921,54.93857822,0
27.3254721,4490.402675,10081858.09,288.2486293,469.6325244,54.76597658,0
26.63908162,4143.954096,8586177.777,259.8149801,446.9107056,51.81378768,0
30.17941788,4647.526044,10799749.17,254.5344537,442.107789,51.19018481,0
27.02690192,4392.006543,9644860.736,279.9932318,465.5349938,51.37905569,0
23.96918874,4058.138338,8234243.385,326.8449214,499.5506235,53.91648409,0
66.81859861,9646.087352,46523500.6,227.9548943,415.5761108,49.22579866,0
31.47195551,4723.878256,11157512.89,245.1373797,432.8291811,50.5307764,0
28.98596995,4649.33022,10808135.75,284.5194754,466.7882946,51.65266028,0
28.46180843,4561.632364,10404244.91,273.6048243,458.2181433,52.77534578,0
28.38053194,4661.617871,10865340.59,296.7077646,478.4246313,51.68770802,0
27.91160934,4569.578461,10440523.66,294.1858486,475.3176727,53.12828532,0
26.92997889,4429.524211,9810342.366,297.9290232,478.2646443,53.58968726,0
23.06957302,3755.134194,7050516.409,291.2276228,472.7329403,53.59016452,0
25.10112112,3986.305053,7945313.987,313.6982804,492.3423556,50.92430463,0
5.593225497,887.4299947,393765.9977,280.7228351,460.0732251,53.68194505,0
4.594459162,704.7577455,248341.7399,292.449887,470.7220078,55.59721647,0
17.27289105,2859.920733,4089573.301,317.6471968,489.2077214,53.41849427,0
14.33389167,2362.26846,2790156.138,305.2500106,483.5415651,53.73563498,0
1.041339354,130.8078704,8555.349474,146.3493726,338.2213839,64.48678468,0
0.888805888,111.6243377,6229.996384,146.3567106,338.0627598,66.45907084,0
25.77297764,4031.48121,8126420.372,260.8665894,444.2535448,53.65582308,0
31.9685807,4941.524838,12209333.86,251.0903593,438.3608494,53.49293923,0
2.691006849,476.1808158,113374.0847,347.0049037,514.9777961,52.22193542,0
2.726127673,468.7126073,109845.7541,364.1468053,521.1228102,53.06116571,0
12.69727944,2212.777747,2448192.678,342.4414657,510.6686815,54.51749813,0
12.48142785,2186.811776,2391072.871,355.9368935,521.3572252,54.16123092,0
14.76017902,2468.524488,3046806.573,312.2964568,488.8790518,55.0108922,0
15.7474846,2656.217809,3527746.524,322.9161626,497.4153385,54.18642147,0
10.97874393,1693.014317,1433148.739,279.9789711,456.3732509,54.74801628,0
4.677305259,687.3615891,236232.9771,280.8161893,452.8634854,55.87292934,0
6.466961032,956.4569817,457404.9789,314.6081566,477.2420804,51.77670101,0
9.788026321,1619.569229,1311502.244,307.7538981,485.8442672,55.52190765,0
7.300839164,1049.693233,550927.9418,292.4931765,461.8623575,51.78464242,0
13.62904743,2144.57635,2299603.861,267.1462285,453.5683907,53.71387803,0
12.8176087,2079.587112,2162341.278,298.4234744,478.2192645,54.58235873,0
9.771593842,1596.551437,1274488.245,304.0029586,482.3686174,56.05728285,0
3.003848014,456.3392488,104122.755,282.096932,456.4344705,54.5572999,0
1.213643632,154.4540858,11928.03231,181.7943817,370.8928226,61.70985503,0
1.369080101,205.1767978,21048.75918,340.8221792,496.7968514,55.85593455,0
3.544985423,566.4942104,160457.8452,282.7301234,464.9115274,56.78430275,0
2.804158045,363.4556165,66049.99259,201.0089501,386.2803087,62.39944155,0
21.4882935,2419.648404,2927349.199,174.6563131,356.8430532,42.57842817,0
2.361495992,345.4539474,59669.21487,242.6694595,428.1716572,59.90689495,0
15.07843128,2044.512377,2090015.43,205.648157,394.2583478,54.67109416,0
5.934117471,885.5381122,392088.874,246.6254172,432.1782766,58.74753295,0
0.700921275,94.31161924,4447.340762,188.8473681,381.0264109,64.71641229,0
1.330285155,196.0854423,19224.75034,284.7006959,459.0189299,56.46211943,0
3.062302312,377.9199892,71411.75911,188.1885736,372.0709302,62.10466431,0
1.814093007,275.7703336,38024.63846,263.7624016,445.5153332,62.69687312,0
2.735482002,387.9022611,75234.08209,243.8759021,425.9628378,57.3485847,0
14.16746908,1757.738015,1544821.465,211.695813,393.1000709,48.05140278,0
10.9077052,1354.485858,917315.9694,220.4480624,399.8986442,53.29273806,0
9.467093589,1189.574656,707543.9305,200.124926,383.2143014,51.72603384,0
20.58364803,2389.886452,2855778.627,190.4916646,372.6306888,41.50155147,0
8.284459126,1030.641426,531110.874,215.5002305,395.6590094,55.36405281,0
13.79032351,1775.607825,1576391.573,205.6165359,388.102536,54.36500279,0
8.430113633,1139.276829,648975.8466,229.5120801,409.7859126,57.39502742,0
4.982547521,596.2303811,177745.3337,198.4770971,380.0509041,52.47992099,0
0.560532474,92.56584495,4284.217826,302.9225048,480.4903218,58.30755291,0
3237.525902,458202.9497,2.0995E+11,160.1177648,237.7255718,16.83511307,1
2068.810779,285017.7648,81235126253,162.6566091,235.4612148,17.31176306,1
1714.698247,236641.0394,55998981513,165.4945693,237.5386986,17.55149631,1
2547.086773,351874.7467,1.23816E+11,164.0194235,236.5660866,16.73062402,1
3372.624355,463986.6273,2.15284E+11,160.3146109,234.2342218,16.28455086,1
5012.240306,686116.5702,4.70756E+11,155.5778602,231.0506653,15.62817462,1
5017.826666,683450.008,4.67104E+11,153.5787005,229.8102957,15.36039698,1
4544.83928,659756.7519,4.35279E+11,171.8970022,246.6201859,16.67619893,1
4547.109728,657852.9296,4.3277E+11,170.9149376,245.7902856,16.41455383,1
4505.102961,647052.5763,4.18677E+11,165.5199071,242.3656167,16.58300543,1
1447.961497,200126.2046,40050497759,168.263777,239.116403,17.85424847,1
1484.142156,206414.1054,42606782898,170.8261721,240.7568861,18.06076946,1
1522.556256,210339.2366,44242594455,167.0225507,238.4619421,17.44786359,1
1562.602484,217912.6042,47485903089,169.9240555,240.6409339,17.83927263,1
4470.1985,648403.0846,4.20427E+11,173.7714187,247.4249706,16.44307701,1
4283.638344,612320.7257,3.74937E+11,165.5744603,242.2191934,16.30919389,1
4282.473757,621194.2748,3.85882E+11,170.1318118,245.1764045,16.85977516,1
4167.602905,603111.9767,3.63744E+11,168.9010724,244.7929192,16.9960745,1
4297.788246,619781.6934,3.84129E+11,169.940585,245.3415515,16.46901167,1
4596.55497,659157.751,4.34489E+11,170.3395074,245.0370291,16.31616295,1
4171.004823,598979.8816,3.58777E+11,166.4891031,242.5666815,16.62007145,1
4179.620784,604467.2664,3.65381E+11,167.2888864,243.2901353,16.78303676,1
257.2033974,35908.70845,1289435343,169.0046813,240.0050539,21.18014446,1
307.1134893,42598.40933,1814624477,164.7749788,237.2461794,20.85402403,1
372.9101493,51547.57029,2657152003,164.7018818,237.0588365,20.3119214,1
480.4178651,66814.23327,4464141768,166.2240344,238.2897091,20.02067196,1
479.4875071,66040.30612,4361322032,162.9875072,236.0428651,19.68816181,1
674.9024549,97149.83855,9438091130,175.6177036,248.163876,20.2341726,1
680.6984216,98881.87635,9777625471,178.1605084,249.9929342,20.11257537,1
701.7556802,100607.9376,10121957100,173.5138812,246.7293897,19.57443724,1
672.4763496,97594.98159,9524780431,177.9578068,249.9806114,19.50731631,1
224.9921727,31343.11864,982391086,169.7046775,240.3486386,21.12117002,1
230.4176963,32304.09179,1043554347,170.9074147,241.4627387,21.17596072,1
236.2943636,32991.70174,1088452384,170.2210037,240.897601,21.22668756,1
242.8153922,33991.59111,1155428266,169.0348489,240.4058177,21.05605293,1
248.6887818,34573.54134,1195329761,169.6920855,240.2582012,20.91561626,1
965.4098326,136759.5679,18703179409,169.3340194,243.2069434,18.38770228,1
678.1483685,97105.55327,9429488477,170.3994801,245.0116121,19.68907366,1
694.2949497,99494.35353,9899126385,173.2795364,246.6469174,19.42770723,1
677.6018396,98581.03148,9718219768,178.5086591,250.3360916,20.02380086,1
12416.33587,1701787.712,2.89608E+12,144.5733756,225.1227087,13.71455587,1
15301.5182,2168417.244,4.70203E+12,159.9840578,237.1160594,14.3719467,1
14316.77717,2032899.269,4.13268E+12,162.8005051,238.9470841,14.28593231,1
14195.95431,2029551.347,4.11908E+12,168.2611694,242.3244811,14.93543556,1
13352.9658,1868215.128,3.49023E+12,154.6239033,233.2629988,14.51984756,1
13221.13545,1846482.152,3.4095E+12,153.4505205,232.3983844,14.38498526,1
14211.66788,2040158.618,4.16225E+12,168.9022399,243.1355831,15.03295888,1
14004.32038,1959286.327,3.8388E+12,154.2067614,232.9803385,14.14623239,1
13614.96519,1896135.584,3.59533E+12,152.0754276,231.5076516,13.84416219,1
13652.36226,1925996.102,3.70946E+12,158.8077451,236.1031659,14.62780734,1
3004.033242,407629.7059,1.66162E+11,145.9111186,225.3311013,15.41069873,1
3515.100533,495613.28,2.45633E+11,165.0450302,239.7152875,16.3206386,1
3439.88022,480910.3901,2.31275E+11,164.4505925,239.0134508,16.25047579,1
3472.275946,493555.8739,2.43597E+11,169.4461083,242.5339474,16.88290774,1
3479.139112,479819.7739,2.30227E+11,154.6698504,232.7655097,15.61743503,1
3589.929798,542123.5118,2.93898E+11,189.537825,256.7973062,18.26530298,1
3463.857942,487488.2256,2.37645E+11,164.3912365,239.2633884,16.33727318,1
3481.83524,482017.6805,2.32341E+11,155.8852234,233.5974232,16.1400373,1
3477.247701,492348.9961,2.42408E+11,166.4486374,240.6821818,16.60029929,1
3444.387257,483656.366,2.33923E+11,165.7917392,239.8420953,16.25194983,1
678.6266166,90607.82942,8209778752,145.0818094,224.034728,17.50773742,1
777.1289226,109357.9741,11959166506,170.5707247,242.7491792,19.09211446,1
770.4664899,107488.6059,11553800402,168.366963,241.0441323,18.82227559,1
771.2335669,107252.4863,11503095816,166.0400968,239.66123,18.58147352,1
777.0615156,109563.4866,12004157602,171.5127538,243.3711273,19.09544883,1
774.6340455,109889.2587,12075649186,173.311491,244.6318595,18.87542033,1
774.2902607,109251.2651,11935838934,172.0491003,243.6778113,19.12517679,1
771.7265898,108725.3771,11821207629,169.5787688,242.2693662,18.94978433,1
770.987735,107655.9311,11589799504,168.7520522,241.3252369,18.90592988,1
282.453443,37614.50376,1414850893,143.3186987,222.9134464,19.63236648,1
320.7611266,45097.21828,2033759097,172.6338749,243.7528121,20.52356474,1
319.4230902,44831.81902,2009891997,171.0981985,242.7403433,20.27619184,1
319.3464981,44821.02184,2008923999,172.5949321,243.6692712,20.51812753,1
320.2790051,45277.44371,2050046909,173.4411471,244.4890915,20.39513241,1
319.4943046,44174.5579,1951391566,163.6108643,237.9764522,20.02323406,1
320.7231386,44683.31372,1996598525,168.4598188,241.1104348,20.14939484,1
320.6959589,45428.95803,2063790227,175.3177574,245.5900294,20.56689525,1
319.5441242,44497.36832,1980015788,168.9848875,241.3774605,20.15057966,1
319.0612954,44903.95127,2016364839,174.395846,244.6947216,20.45259457,1
152.2468749,20693.75521,428231504.9,152.0540189,228.8455323,21.46248318,1
170.835168,23840.80343,568383908.2,169.9351503,241.9379992,21.71314506,1
170.8900966,24193.43678,585322383,177.6273604,246.7041241,21.9734932,1
170.4547669,24058.52816,578812777.2,174.0724744,244.7401307,22.03270495,1
94.96864833,12810.98144,164121245.4,152.2546237,228.6539586,22.01437462,1
106.0517096,14869.04036,221088361.2,174.6884684,244.7216324,22.57827432,1
106.2641963,14770.21027,218159111.3,166.0962475,239.6322758,22.63205852,1
106.5579172,15015.94633,225478644.2,177.8639168,246.5517322,22.73775078,1
105.8986091,14978.06076,224342304.1,176.2476367,245.9787652,22.80577467,1
65.04768962,8761.791975,76768998.62,152.6381364,228.6739206,23.00648634,1
72.5744158,10302.03696,106131965.6,180.2039567,248.1798756,23.1356539,1
72.45066991,10150.4033,103030687.1,172.4910049,243.3803041,23.23668766,1
47.63913012,6580.108715,43297830.7,162.0011888,234.9839347,24.64707385,1
52.94048325,7535.173187,56778834.96,181.4184809,248.8642463,24.20372347,1
52.80873232,7456.451926,55598675.32,181.1802818,248.393527,24.0074851,1
24.33487195,3378.400554,11413590.31,165.5523467,236.8233225,26.12839573,1
1152.508078,162350.5098,26357688031,170.0801379,238.1860005,19.43749784,1
1147.515535,165448.8402,27373318709,194.4083809,254.7595805,19.12734056,1
1297.550464,188822.2021,35653823996,199.2905296,257.9485429,19.73573644,1
1304.239617,188539.4759,35547133980,193.4679492,254.1541674,19.61245135,1
1290.011179,187519.3839,35163519328,195.1824828,255.4563533,19.852345,1
1237.943438,178845.2896,31985637630,189.9126101,252.2184872,19.82872962,1
1302.272712,195086.0061,38058549786,211.2576258,267.7614985,19.38337626,1
1299.18309,186894.8498,34929684872,187.9960519,250.8353466,19.78784724,1
1315.320047,188482.9506,35525822653,186.4758211,249.7928207,19.51083378,1
1324.292863,189686.7544,35981064777,187.7690285,250.7083527,19.64729525,1
1332.804703,191720.8712,36756892463,187.8719692,250.7638832,19.55885906,1
677.2840152,95480.29653,9116487025,166.9272679,236.2401909,20.20884342,1
370.2049201,53183.32691,2828466262,187.5815045,250.1667929,20.90107331,1
368.0356709,52844.14657,2792503827,188.8380669,250.7366803,20.7458933,1
365.5659513,52056.41344,2709870180,183.8758562,247.6653064,20.94780912,1
362.3712654,51923.08956,2696007229,185.6717974,249.0074848,20.96144209,1
359.8679527,51382.12171,2640122432,185.1315767,248.4053841,20.7143015,1
376.2697184,54162.2774,2933552293,187.9100023,250.4896941,20.72322228,1
378.9609272,54561.35699,2976941677,188.1951443,250.6209942,20.81382974,1
382.8511909,54955.65304,3020123801,186.6293983,249.5667127,20.74941622,1
385.5411727,55140.80579,3040508463,186.482353,249.3402058,20.89417246,1
385.7490557,55520.03445,3082474225,187.9513244,250.3965607,20.84864313,1
109.2393146,15218.13222,231591548.3,159.4442557,230.9987408,23.09930889,1
123.4592886,17477.84934,305475217.6,182.5382031,246.3075308,22.46350617,1
135.3138166,19378.42305,375523279.8,183.9030114,247.5898201,22.22441334,1
68.94962724,9612.899247,92407831.93,160.0195325,231.1920236,23.86570389,1
80.9843583,11590.1306,134331127.3,182.4713596,246.8286487,23.28717089,1
91.01315756,12903.21743,166493020.2,182.3352334,246.1282964,23.00493257,1
58.67242632,8472.976559,71791331.78,166.0918087,236.4339734,24.52103751,1
74.02058136,10680.67725,114076866.4,185.7210873,249.1855592,23.63528021,1
88.38077632,13069.01355,170799115.2,190.6972036,253.5816217,23.68925035,1
73.26919405,10827.04518,117224907.3,169.3848424,240.624958,24.29363087,1
65.89245733,9285.731367,86224807.03,155.2312176,231.2031741,25.16639643,1
93.72482663,13333.26021,177775827.7,175.4289336,244.2785168,24.20029263,1
109.6190506,15718.84876,247082206.2,186.3322404,251.7436325,23.45027839,1
60.71194369,8002.006907,64032114.54,164.9038981,234.6635787,22.14141895,1
557.160914,77590.26142,6020248667,159.0790488,234.2327861,19.283809,1
666.5109917,92679.25803,8589444869,157.8755498,232.9936101,19.68083999,1
475.0026536,64373.03,4143886992,137.5203788,219.1571917,19.71532335,1
558.5401926,77285.80335,5973095400,155.9215285,231.0812728,20.04854506,1
719.5943255,100484.0899,10097052319,159.4497968,233.7314988,19.33151281,1
577.4825343,79440.1393,6310735733,147.8899489,225.9066106,19.88973536,1
607.3674548,84576.56896,7153196016,159.3741959,233.0850922,19.5229438,1
866.5463658,121338.1153,14722938226,168.9684877,239.2032547,19.24768714,1
17.33112352,2567.049938,6589745.382,214.0394833,266.4705917,25.98747432,1
722.4908452,100362.9478,10072721285,169.3047828,238.5360665,19.11367366,1
17.18572651,2693.076209,7252659.469,220.2189681,273.5497282,27.46850853,1
13.22425368,1915.943813,3670840.695,186.5110596,250.564103,28.18745028,1
1215.509023,162826.427,26512445319,130.5418793,213.5249824,17.06582277,1
1218.980141,168530.315,28402467058,153.4674618,229.8132442,18.10367969,1
1330.523856,183553.7367,33691974250,152.4339844,229.1257305,17.73889835,1
661.0414949,88534.03024,7838274511,136.9975617,217.5777043,18.29561411,1
335.4711804,45861.54743,2103281533,149.6923563,226.5080219,20.42300034,1
364.8211882,49603.95502,2460552353,149.193639,225.8098805,20.35444576,1
101.426856,13405.60453,179710232.7,127.8059539,211.0262663,22.4980421,1
109.6254045,14978.81336,224364849.7,150.3529068,226.9117997,22.14443491,1
54.94256709,7366.77875,54269429.15,129.5470344,213.00294,24.52496858,1
53.99350313,7383.071722,54509748.06,149.5813181,226.465048,24.19858292,1
59.22233119,8077.532503,65246531.33,149.3366003,226.1357226,23.51671748,1
38.2327153,5178.571912,26817607.05,130.7073541,214.6002919,25.69526163,1
38.22841002,5168.627089,26714705.98,131.2178876,214.7552571,25.51403859,1
38.07416222,5230.733791,27360576,141.6585852,221.8271056,25.28845689,1
37.08868887,5099.591643,26005834.93,149.7845581,226.9888974,25.36147923,1
41.24335223,5675.727452,32213882.11,149.805213,227.0742111,25.03815842,1
30.61129967,4212.634825,17746292.17,133.2662704,217.4966928,27.110382,1
29.39473865,4102.781914,16832819.44,151.9895688,229.4324948,26.46884687,1
29.41774307,4105.767918,16857330.19,154.0112246,230.510667,26.2315514,1
33.24905414,4644.741862,21573626.97,151.1208635,229.0261923,26.15401836,1
27.02650571,3799.20062,14433925.35,138.0843185,222.2934778,27.41365679,1
25.5812593,3643.372495,13274163.13,155.7234987,233.2194199,26.66102639,1
29.45991967,4220.913818,17816113.46,157.3983459,234.6783143,26.08105521,1
25.90109255,3732.811395,13933880.91,150.1769071,231.5220855,27.56815362,1
23.76346813,3473.857197,12067683.82,163.6760071,240.0153732,26.31766268,1
27.74637791,4146.433388,17192909.84,171.8333924,246.4203208,26.36079922,1
27.73862988,4146.277053,17191613.4,171.7548309,246.3937194,26.22983332,1
24.91189227,3796.475678,14413227.57,163.6418821,243.8245014,26.90187419,1
22.76744042,3484.293427,12140300.69,179.4732972,252.5195038,26.42468273,1
26.87855861,4070.407809,16568219.73,175.6949804,249.1207495,26.08030277,1
24.63800825,3612.655036,13051276.41,157.944288,237.0230879,27.26326679,1
24.63820243,3612.899507,13053042.85,157.9950544,237.0548756,27.34053952,1
22.31273361,3325.576994,11059462.34,172.7436859,246.136088,26.3553489,1
22.49835373,3360.204276,11290972.78,173.6614521,246.8325735,26.44294708,1
23.60902559,3258.022177,10614708.51,156.8168587,232.2002747,26.98758768,1
4491.940363,627579.7772,3.93856E+11,157.9929281,233.7985409,17.37081142,1
4474.242833,633309.8485,4.01081E+11,165.5624179,239.9537783,16.79169893,1
8073.092357,1194940.97,1.42788E+12,175.4168556,248.9225508,17.89910524,1
1384.929514,191031.1963,36492917959,152.4603222,229.9842683,18.5991017,1
1319.40854,185849.3267,34539972222,164.7210104,238.9177498,18.66748769,1
2775.573673,412383.0817,1.7006E+11,179.6611006,251.3530182,18.85044732,1
581.6135102,81619.16071,6661687395,154.5608815,232.371389,20.73195293,1
511.1733994,71469.44514,5107881589,164.5136327,237.7019391,19.87607354,1
530.4517239,74162.26944,5500042208,165.4324525,238.1065963,19.87542864,1
1140.644158,153442.5155,23544605573,142.8678233,222.4111503,17.74949412,1
443.5698014,62910.84228,3957774077,168.4859287,240.5969967,20.757675,1
1956.774299,273339.881,74714690525,165.6073191,238.4512814,17.86787278,1
855.7489369,115403.8829,13318056178,141.5464704,221.1059163,18.29498643,1
812.4385296,112055.0907,12556343353,159.0867725,233.4867622,18.66619363,1
197.365174,29844.68045,890704950.9,202.6530434,264.4437831,21.25188329,1
784.8700806,105816.2453,11197077774,139.7832614,219.3559278,18.47290988,1
682.0943651,92455.01968,8547930664,149.7356877,226.8169068,18.20619924,1
87.75359151,13104.90194,171738454.9,196.6923353,260.1861341,22.93787426,1
198.3559167,29367.91323,862474327.8,188.8939733,256.0661114,21.10933486,1
662.0766789,89524.49512,8014635227,153.0550781,227.6900486,17.82519639,1
48.022796,7096.105846,50354718.18,192.6076175,257.120084,24.34025757,1
1383.543261,176819.7877,31265237321,170.0695084,233.7156937,11.52630793,1
755.1222415,103448.7819,10701650473,166.1521548,234.957482,17.1797301,1
29.83592019,4380.628335,19189904.61,190.4806159,255.409959,25.40292684,1
23.1949773,3381.402953,11433885.93,189.4910268,254.2572061,26.5278807,1
23.04713634,3381.462651,11434289.66,179.1310971,248.5771267,26.16819394,1
1078.310239,148014.3131,21908236882,191.3140881,248.7598812,15.7387442,1
20.13703948,2942.075355,8655807.392,188.8914161,254.0774876,25.93196528,1
17.06114541,2406.583303,5791643.195,164.6003247,237.7355476,26.44138773,1
1107.629876,149306.6701,22292481738,219.9014999,264.5412062,13.07545251,1
14.38508406,2021.509176,4086499.349,171.532754,242.5955068,26.83964199,1
11.77610748,1700.122902,2890417.882,178.0679732,246.3896117,28.86958014,1
4687.282103,663558.9253,4.4031E+11,161.7206677,237.9563981,17.68857553,1
4633.625728,665674.8639,4.43123E+11,169.5724752,243.7491535,17.35271682,1
9230.387028,1402972.266,1.96833E+12,178.603383,252.6703167,18.7228851,1
1509.893569,234281.2452,54887701847,189.6898604,259.6439371,19.92429752,1
3279.168032,486808.146,2.36982E+11,165.8308898,242.9430838,19.68438075,1
614.6494542,92309.36909,8521019622,168.2544174,245.7213871,21.3106072,1
638.5535286,97997.56827,9603523387,183.1742687,256.3085241,21.78606787,1
1596.526847,214103.3354,45840238233,170.3618893,241.5557045,12.81955178,1
1464.252493,202133.7143,40858038475,152.0549851,229.9320896,18.44752814,1
1479.116788,206972.8609,42837765169,163.7284043,237.9641419,18.34422806,1
442.8631479,63863.83502,4078589424,192.7441268,256.51337,19.21892613,1
1157.674673,159503.618,25441404169,149.621941,228.0842377,18.8979966,1
1106.512051,153686.6219,23619577755,162.2474189,236.268832,18.64809825,1
169.3027325,25096.98393,629858602.6,191.5915073,256.6822576,21.69267474,1
1153.565185,160508.667,25763032177,149.0702239,228.417051,18.93635743,1
987.9959092,137959.4034,19032796990,160.9802581,235.178367,19.29343969,1
344.4922524,47015.10572,2210420166,153.9937215,229.0574855,20.46110302,1
1447.339184,203952.8209,41596753151,152.9669506,231.4365112,20.30178365,1
1030.509461,143353.2046,20550141265,160.1159011,233.6377204,18.95681217,1
50.93214007,7425.402833,55136607.23,186.0199732,252.4136229,24.20577362,1
39.85602234,5804.451853,33691661.32,176.7997978,246.4932655,24.96549387,1
1222.019149,172149.4729,29635441013,174.3284458,242.3127249,17.51451619,1
34.47305378,5002.071479,25020719.08,182.7949196,250.2666426,24.81300884,1
28.59132062,4152.365308,17242137.65,172.0537354,243.7137467,26.2529298,1
1731.88195,239520.4672,57370054230,221.083839,267.1029625,13.65113017,1
25.46327341,3691.907684,13630182.35,182.9563067,250.1669228,25.60259475,1
21.26198899,3031.098418,9187557.621,169.6542174,240.9470563,27.05407469,1
2003.245338,260339.8159,67776819745,216.1567201,264.7800781,10.66607071,1
19.83815275,2864.174756,8203497.032,182.5038394,249.5217601,26.23360626,1
17.21249035,2488.228087,6191279.015,172.8008342,243.7377147,27.56830585,1
6879.902406,993480.7809,9.87004E+11,153.5470094,233.2676673,14.09469969,1
5208.555996,779848.8949,6.08164E+11,200.6316124,261.1791264,16.91493597,1
5205.319993,777550.7464,6.04585E+11,199.8786038,260.5978561,16.73618138,1
7559.841526,1100454.103,1.211E+12,171.0450597,243.389344,15.02682151,1
3877.203658,546869.8353,2.99067E+11,148.5560424,228.2962538,15.27064019,1
2113.716975,304512.7576,92728019552,160.3571829,236.9679068,15.69025014,1
2601.291197,375195.0699,1.40771E+11,158.9473452,236.2631319,15.53272846,1
1470.614801,217358.5522,47244740227,154.3990507,236.576418,16.12715854,1
1298.246971,193073.7527,37277473975,169.4416353,244.8108634,16.79069878,1
1706.920071,257747.982,66434022210,177.1887406,250.7711297,14.4691287,1
1703.476786,257814.8261,66468484562,175.0244244,249.3870698,16.00319175,1
1026.677506,157494.9433,24804657153,181.0301396,253.4684634,16.58728173,1
1400.874284,208701.9718,43556513030,179.1343507,249.6938636,16.40893544,1
1021.870938,138437.4403,19164924885,159.315633,232.7006847,15.43375183,1
1012.958647,141128.9254,19917373571,174.0862592,242.8073828,16.25091014,1
1161.109935,160445.8715,25742877697,200.9199675,258.0424884,13.45920423,1
772.8454953,103181.2924,10646379102,162.6506,235.4184808,14.9857773,1
726.7813118,96101.29975,9235459814,206.7091272,257.6376513,12.84562911,1
706.7142771,94180.72779,8870009487,178.9197544,244.1314638,14.62247092,1
422.0629755,56658.49818,3210185416,159.2797219,232.1360554,18.95706909,1
460.4363369,61803.52296,3819675450,179.9312934,244.8214926,16.47699494,1
381.7474761,52204.08493,2725266484,174.2234006,241.9818658,19.70898795,1
262.7029554,35939.27733,1291631655,155.4218761,230.4917051,21.66199684,1
284.9530165,39187.02937,1535623271,178.525464,244.7301048,20.05364047,1
278.3164625,38027.63487,1446101013,177.4168539,243.9071342,20.52385078,1
175.5583294,24721.54973,611155021.2,156.7507627,233.4445754,22.12104905,1
193.4227154,26947.17685,726150340.2,175.5157426,243.6277709,21.78042455,1
160.5072247,22761.97535,518107521.6,169.6213202,241.0730574,21.83435691,1
124.1245395,17494.10666,306043767.8,149.0205331,228.8159903,23.18743612,1
140.1820022,19207.8819,368942726.9,147.3763459,223.9287186,22.56480183,1
117.4226606,16265.11544,264553980.2,165.3793597,235.6922977,22.35562114,1
188.7393497,26460.71927,700169664.2,165.9793857,236.8508268,21.59395153,1
40.26722581,5597.527215,31332310.92,152.3331872,228.3339211,25.39104957,1
33.12842374,4647.6254,21600421.86,168.8405421,238.8337382,25.47087183,1
35.91288668,5060.240907,25606038.04,171.615211,240.6664808,24.97771545,1
13.42969698,1887.431378,3562397.208,150.3811183,228.3681527,28.89435694,1
10.56039931,1489.695172,2219191.705,168.3241038,239.0940744,28.74690362,1
18.29798668,2585.62247,6685443.557,166.5677555,238.3067917,27.40307846,1
8.278944631,1189.371508,1414604.583,153.0442225,232.4239387,30.5084832,1
6.069960982,863.4739669,745587.2915,165.9874458,238.7641076,30.50886592,1
11.80304948,1717.826245,2950927.009,172.0166111,244.3902623,29.15301459,1
6.553407596,997.5280616,995062.2336,170.5510329,247.2605094,31.43644557,1
4.534682826,659.477883,434911.0782,169.7075944,243.1070793,31.30627104,1
9.510689454,1455.302686,2117905.909,196.4108616,260.3091817,29.87489902,1
7.744532591,1198.173995,1435620.922,185.9893092,255.940845,30.65192903,1
3.798343622,579.7273786,336083.8335,186.5087765,255.4895133,32.06075362,1
7.790856893,1070.818829,1146652.965,219.7365225,267.4252741,28.81331363,1
4.636047056,607.6930538,369290.8476,189.1185835,246.6756977,30.83329701,1
3.270730129,487.8393489,237987.2303,198.7881643,259.4734127,31.99006383,1
4.392227744,592.4007361,350938.6321,179.0129649,244.5425844,30.54794716,1
4.392852571,592.4152976,350955.8849,178.9572405,244.5044696,30.5251795,1
2.433427727,319.5323162,102100.9011,157.4469183,228.8079758,32.96558977,1
2.855309052,395.907703,156742.9093,212.1240252,263.0041688,32.3915103,1
2.151996378,299.0292963,89418.52005,176.4106736,244.0041209,30.16962637,1
1.901063705,257.690683,66404.48808,158.476808,231.2135776,30.90549227,1
2.144179737,282.0362887,79544.46814,179.3118461,243.8339314,32.43081405,1
1.159629317,160.9324417,25899.25078,167.3139793,238.3120888,30.69444893,1
0.779410863,107.1019745,11470.83295,155.2504913,229.2747957,31.05152974,1
5390.1459,716225.7978,5.12979E+11,132.4039807,215.1828553,13.05642412,1
10579.96661,1496063.78,2.23821E+12,158.2101124,233.5566074,13.04513067,1
18935.53958,2672941.825,7.14462E+12,163.7344762,236.386814,13.18260137,1
1336.613496,180360.7026,32529983042,141.7670679,221.4337018,15.8370585,1
2322.175999,320945.3621,1.03006E+11,154.7055913,229.7897244,15.48424125,1
1444.792356,200914.0032,40366436680,164.1011458,237.1002481,17.0353324,1
318.4406711,42931.26415,1843093441,145.686862,223.5863119,19.07575611,1
450.3989844,62369.28394,3889927579,160.5684603,233.640216,19.22865282,1
350.1363134,47818.23606,2286583700,160.4376644,234.1779117,19.24984321,1
134.4496067,18093.63331,327379566.2,145.5513031,223.4471559,21.06329183,1
156.1394464,21888.68767,479114647.7,168.088381,238.7783741,22.06244265,1
148.4538099,20564.4547,422896797,165.9491443,237.8057938,21.47527729,1
103.8580493,13856.21721,191994755.3,146.5782658,224.4456065,21.57100125,1
69.8070657,9714.744608,94376262.79,170.5500301,239.5175577,23.90118304,1
79.18293607,10942.17392,119731170.2,163.6988779,236.5610714,22.15068212,1
43.02232223,5766.628928,33254009.19,145.7108516,223.3385549,23.71524902,1
36.10860832,4988.964798,24889769.76,169.6780125,238.9030752,25.00844947,1
48.2301118,6627.825213,43928067.05,163.1773668,236.1358596,23.19122974,1
28.3122545,3765.566669,14179492.34,142.4351019,221.0378519,25.08343251,1
20.54080749,2844.217705,8089574.352,173.1781377,241.1072463,25.81270419,1
31.88906054,4407.298261,19424277.96,165.5810664,237.699034,24.8124957,1
19.88796206,2666.2498,7108887.998,146.4281008,223.8755321,25.89710422,1
9.81312333,1343.968666,1806251.775,159.8944289,232.5767829,28.61670523,1
22.4496301,3046.534988,9281375.435,158.7862598,232.9933742,25.66923183,1
7.962308734,1120.761669,1256106.719,180.2024201,245.794525,28.19023195,1
16.56157396,2277.361817,5186376.847,164.2930747,236.9389455,26.90823501,1
9.193923747,1265.173761,1600664.644,158.6821184,232.1087135,28.41645399,1
185705.7562,23717712.46,1.41E+14,304.3876933,688.6837854,59.65182493,2
45432.92424,5790688.894,8.38302E+12,299.0355647,684.5137301,66.30349553,2
11788.37085,1511167.278,5.70907E+11,299.6914769,685.8703737,75.3787797,2
5259.025329,672376.4318,1.13023E+11,299.1970078,685.093139,80.26897319,2
3022.941421,388574.5776,37747550581,301.3890837,687.8243761,84.88007299,2
1955.30949,250766.6555,15720978874,299.9436642,686.1896635,89.37091024,2
1613.337139,206449.1841,10655316400,299.2060721,685.2509018,89.29671722,2
1020.862953,130889.9961,4283047772,299.5789932,685.8280156,92.79511546,2
786.9966035,100644.4933,2532328506,298.9506852,684.9192391,93.90732169,2
625.9729441,79977.74802,1599110045,298.47915,684.3668259,95.78087416,2
513.0271666,65579.24142,1075159226,298.3173859,684.2839176,97.91072839,2
78989.12621,9457320.055,2.23602E+13,281.1780889,660.7731334,54.46285726,2
20501.3536,2445179.547,1.49473E+12,277.853752,657.1431876,60.31679158,2
5518.218343,664219.119,1.10297E+11,281.1258482,661.4858647,68.69572743,2
2509.095111,303240.5876,22988713495,280.9381567,661.7240331,78.89334441,2
1773.250024,215676.451,11629082875,286.8774904,668.0669912,80.69260575,2
909.4773956,111404.8323,3102759167,287.8670886,669.8212615,84.84304842,2
641.057172,78907.3485,1556592412,289.6848705,672.0813194,88.15234857,2
459.1129089,56700.04805,803723862.4,292.3425527,674.9599273,89.57241747,2
364.5683842,46645.06309,543940477.8,331.0145624,713.5949858,93.64317347,2
283.6914652,35251.68288,310670286.4,293.8845981,677.092172,94.4521869,2
232.1855432,28934.29215,209298315.6,294.915576,678.3927495,97.18360377,2
412139.6871,49596752.26,6.15E+14,292.6293843,672.2367427,41.2854998,2
111049.2114,13188768.32,4.35E+13,278.5074176,657.1968305,48.93387146,2
54546.58079,6394307.086,1.02218E+13,271.0163253,648.327835,51.74288261,2
13229.31907,1520989.536,5.78352E+11,264.0606002,639.625869,58.52544072,2
7639.971006,882378.8081,1.94648E+11,266.7087588,642.8512184,61.56913868,2
4695.26466,542941.0024,73696233022,269.8464108,645.9078623,64.0625135,2
3338.485233,391900.9464,38396587955,280.3307793,656.9935399,68.46774069,2
2400.355468,280174.5842,19624449411,270.4810722,647.7467245,70.28941,2
1836.254589,213578.6865,11403963831,271.3641874,648.0751398,70.43418623,2
1454.647,169537.636,7185752508,272.0447705,648.9847122,75.14901163,2
1190.71088,138517.308,4796761154,271.453806,648.2101157,75.85145682,2
86206.36654,10188963.54,2.60E+13,280.1569325,658.0289476,49.43117507,2
23148.68886,2637202.204,1.73871E+12,263.3616153,637.6068735,50.12217696,2
6255.820018,718933.8584,1.29216E+11,262.9689971,638.5915826,62.79266908,2
1499.915418,172926.5883,7475901233,268.1609006,643.8480218,71.3044537,2
1501.15139,173446.7918,7520947400,268.2306717,644.2198575,71.15484748,2
973.7169036,112539.474,3166283305,268.4666034,644.5106291,77.21925808,2
689.0250443,79586.30221,1583494875,266.1869304,642.2609098,81.2984697,2
515.5297632,59750.39133,892527315.9,266.7251336,643.2533779,84.74557249,2
397.0668052,45983.09264,528611202.2,267.4821924,643.8652634,85.88540699,2
258.995621,30389.94697,230887219.3,271.4695578,649.3097878,89.61142614,2
4635434.208,460814564.4,5.31E+16,216.6148039,572.1609992,3.583205491,2
3748035.767,459669681.1,5.28E+16,314.095117,693.0821655,24.88826286,2
2718220.554,342299357.9,2.93E+16,318.8551698,701.1808548,38.17631446,2
1775458.284,220189873.4,1.21E+16,329.7764575,707.1955385,25.87842077,2
1401165.275,177668526.3,7.89E+15,335.921077,716.08104,36.73630064,2
1311292.103,166769104.6,6.95E+15,317.2333744,700.5088428,44.59272561,2
1182613.562,149472023.2,5.59E+15,321.1802696,701.6741767,46.96071947,2
885621.6671,112685623,3.17E+15,327.2849318,708.519884,49.4559238,2
386152.8885,48795616.43,5.95E+14,318.1922122,700.8213641,51.03045891,2
102888.2501,12384813.98,3.83459E+13,290.9053747,670.4415484,51.80894805,2
27164.39446,3176851.746,2.5231E+12,271.8965234,649.1809636,56.16214848,2
12459.04038,1456989.942,5.30705E+11,270.5724363,647.9422753,59.27056049,2
7393.332014,866510.1521,1.8771E+11,270.2484149,648.0276443,64.162002,2
4569.371985,543865.1063,73947313472,278.5262375,657.7246719,69.94285223,2
3177.828982,378516.2464,35818637194,278.9146806,658.1739476,73.1886616,2
2681.217233,320241.7956,25638701908,279.5709338,659.1338882,74.07034501,2
1869.376727,221819.0198,12300919389,274.0040755,653.1009587,77.00005643,2
1418.757985,170121.9663,7235370853,281.0036934,660.962561,79.38674142,2
78704.85373,8589142.569,1.84433E+13,231.3914188,600.9839366,25.20241906,2
19042.80302,1991086.928,9.91107E+11,218.4707262,582.4157641,26.29582687,2
4797.612158,498452.0729,62113617251,217.1870808,580.0910483,35.96290796,2
713.6010481,73868.73927,1364147660,214.8951164,576.9736559,56.10514832,2
608.609779,66629.39042,1109868917,228.648882,597.55951,69.84010129,2
350.1884474,36370.1098,330696221.8,215.2902665,577.5511057,68.88773052,2
262.8484134,27368.24828,187255253.4,215.6277429,578.0716921,71.72744025,2
208.1410222,23104.97837,133460006.3,227.9845579,598.5499245,87.0836366,2
161.3686817,16788.74577,70465496.11,214.6001546,576.5547899,79.02831373,2
27079.67167,3310923.097,2.74055E+12,281.3544979,663.2608084,53.76413132,2
7036.093714,859652.0122,1.8475E+11,278.8235851,660.8131142,66.20402519,2
3165.198179,383568.0503,36781112310,275.5090535,656.6536855,73.05337128,2
1823.062186,218595.8946,11946041289,271.0242478,651.0831162,77.36655156,2
1179.423263,140950.1845,4966738628,269.7436872,649.4187622,80.36669355,2
827.9551012,98700.99085,2435471399,268.8043509,648.1738543,82.08707769,2
616.0867145,73026.70497,1333224910,267.0250714,645.7363871,82.85645057,2
478.3074659,56393.97433,795070085.2,264.7634453,642.9238411,84.3228338,2
381.325165,44893.52165,503857071.6,264.7867858,642.6875559,87.39664908,2
311.3086765,36481.64451,332727596.5,262.9314792,640.3410977,88.90968956,2
1780.702362,197853.1183,9786464102,232.1970631,601.9258798,69.81739863,2
843.7260145,93004.35167,2162452357,228.7518498,598.3306504,69.19866021,2
186.3087969,21305.62811,113482447.3,239.5314696,614.2422055,92.89875405,2
1066.701331,110224.8537,3037379595,215.0093226,576.6596143,52.32787409,2
